USE lab4;

SET SQL_SAFE_UPDATES = 0;

DELETE FROM phone;

INSERT INTO `phone` (`id_phone`, `phone`, `owner_name`, `reg_date`, `wallet_value`, `talk_value`, `traffic_value`, `sms_value`, `last_payment`, `active`) VALUES (1, '(941)052-9096', 'Prof. Olaf O\'Hara IV', '2015-12-30 15:36:17', 2024, 25, 200, 888, '2017-05-22 07:51:46', 1);
INSERT INTO `phone` (`id_phone`, `phone`, `owner_name`, `reg_date`, `wallet_value`, `talk_value`, `traffic_value`, `sms_value`, `last_payment`, `active`) VALUES (2, '836.729.3631x42141', 'Zachary Hahn', '1989-10-10 20:05:28', 304, 874, 652, 58, '1991-04-23 12:53:12', 1);
INSERT INTO `phone` (`id_phone`, `phone`, `owner_name`, `reg_date`, `wallet_value`, `talk_value`, `traffic_value`, `sms_value`, `last_payment`, `active`) VALUES (3, '666-021-0327', 'Shawna Corkery', '1974-07-08 00:49:58', 1197, 673, 294, 272, '2012-02-21 01:41:14', 0);
INSERT INTO `phone` (`id_phone`, `phone`, `owner_name`, `reg_date`, `wallet_value`, `talk_value`, `traffic_value`, `sms_value`, `last_payment`, `active`) VALUES (4, '385.064.1639x915', 'Eileen Little', '2014-02-24 22:39:13', 2613, 646, 421, 163, '2019-05-12 10:32:27', 0);
INSERT INTO `phone` (`id_phone`, `phone`, `owner_name`, `reg_date`, `wallet_value`, `talk_value`, `traffic_value`, `sms_value`, `last_payment`, `active`) VALUES (5, '06607516591', 'Olga Auer IV', '2014-10-07 21:12:47', 275, 466, 881, 954, '1981-07-12 07:54:15', 1);
INSERT INTO `phone` (`id_phone`, `phone`, `owner_name`, `reg_date`, `wallet_value`, `talk_value`, `traffic_value`, `sms_value`, `last_payment`, `active`) VALUES (6, '00469973286', 'Marley Olson', '2014-05-15 02:23:22', 2759, 318, 331, 712, '2014-03-23 07:45:12', 0);
INSERT INTO `phone` (`id_phone`, `phone`, `owner_name`, `reg_date`, `wallet_value`, `talk_value`, `traffic_value`, `sms_value`, `last_payment`, `active`) VALUES (7, '(635)766-4379x3223', 'Wanda Robel', '2007-02-16 20:27:33', 4383, 814, 768, 819, '1978-07-04 05:28:56', 1);
INSERT INTO `phone` (`id_phone`, `phone`, `owner_name`, `reg_date`, `wallet_value`, `talk_value`, `traffic_value`, `sms_value`, `last_payment`, `active`) VALUES (8, '017.902.5297', 'Rhiannon Gerlach', '1990-09-09 16:16:43', 2345, 56, 233, 32, '1998-09-08 00:10:51', 0);
INSERT INTO `phone` (`id_phone`, `phone`, `owner_name`, `reg_date`, `wallet_value`, `talk_value`, `traffic_value`, `sms_value`, `last_payment`, `active`) VALUES (9, '399-696-0705', 'Mr. Louvenia DuBuque IV', '2012-10-24 08:43:08', 767, 565, 225, 724, '2004-06-25 04:28:40', 1);
INSERT INTO `phone` (`id_phone`, `phone`, `owner_name`, `reg_date`, `wallet_value`, `talk_value`, `traffic_value`, `sms_value`, `last_payment`, `active`) VALUES (10, '1-010-263-2977', 'Prof. Alyce Davis DDS', '1971-09-09 09:34:14', 1679, 124, 128, 504, '1971-08-08 20:11:58', 0);
INSERT INTO `phone` (`id_phone`, `phone`, `owner_name`, `reg_date`, `wallet_value`, `talk_value`, `traffic_value`, `sms_value`, `last_payment`, `active`) VALUES (11, '417-835-6220x0219', 'Mrs. Vernice Beahan IV', '1986-02-07 17:31:53', 1502, 536, 255, 901, '1990-09-20 11:14:58', 0);
INSERT INTO `phone` (`id_phone`, `phone`, `owner_name`, `reg_date`, `wallet_value`, `talk_value`, `traffic_value`, `sms_value`, `last_payment`, `active`) VALUES (12, '058.242.8756', 'Nikolas Rogahn', '1988-10-18 12:35:54', 613, 76, 604, 602, '1988-01-31 15:33:46', 1);
INSERT INTO `phone` (`id_phone`, `phone`, `owner_name`, `reg_date`, `wallet_value`, `talk_value`, `traffic_value`, `sms_value`, `last_payment`, `active`) VALUES (13, '182.314.6893', 'Arvid Marquardt', '1981-11-19 08:02:09', 2614, 804, 609, 750, '1974-04-12 23:34:38', 0);
INSERT INTO `phone` (`id_phone`, `phone`, `owner_name`, `reg_date`, `wallet_value`, `talk_value`, `traffic_value`, `sms_value`, `last_payment`, `active`) VALUES (14, '579.046.6612x96471', 'Prof. Lisandro Hudson PhD', '2011-12-08 10:48:01', 2744, 198, 229, 856, '1999-12-26 19:40:42', 1);
INSERT INTO `phone` (`id_phone`, `phone`, `owner_name`, `reg_date`, `wallet_value`, `talk_value`, `traffic_value`, `sms_value`, `last_payment`, `active`) VALUES (15, '+73(4)6615201247', 'Ms. Velma Windler', '2017-12-20 16:56:13', 2720, 560, 774, 739, '1980-11-19 18:01:21', 0);
INSERT INTO `phone` (`id_phone`, `phone`, `owner_name`, `reg_date`, `wallet_value`, `talk_value`, `traffic_value`, `sms_value`, `last_payment`, `active`) VALUES (16, '1-713-279-5790', 'Cicero Mante', '1972-03-25 18:58:09', 3356, 901, 620, 261, '1995-06-20 21:24:31', 0);
INSERT INTO `phone` (`id_phone`, `phone`, `owner_name`, `reg_date`, `wallet_value`, `talk_value`, `traffic_value`, `sms_value`, `last_payment`, `active`) VALUES (17, '1-313-277-6612', 'Prof. Judy White PhD', '1991-11-07 07:55:36', 3306, 962, 50, 792, '1996-01-19 04:59:04', 1);
INSERT INTO `phone` (`id_phone`, `phone`, `owner_name`, `reg_date`, `wallet_value`, `talk_value`, `traffic_value`, `sms_value`, `last_payment`, `active`) VALUES (18, '906-493-3337x26456', 'Miss Marlene Schroeder II', '2015-05-22 15:37:08', 1129, 264, 498, 199, '1980-01-24 12:30:51', 1);
INSERT INTO `phone` (`id_phone`, `phone`, `owner_name`, `reg_date`, `wallet_value`, `talk_value`, `traffic_value`, `sms_value`, `last_payment`, `active`) VALUES (19, '(069)927-2404', 'Emelie Hoppe', '2017-08-08 11:50:15', 1650, 661, 876, 599, '1996-03-23 16:40:51', 1);
INSERT INTO `phone` (`id_phone`, `phone`, `owner_name`, `reg_date`, `wallet_value`, `talk_value`, `traffic_value`, `sms_value`, `last_payment`, `active`) VALUES (20, '(488)794-2954x8433', 'Guido Hermann', '1974-09-03 14:30:07', 3528, 543, 185, 390, '2004-10-21 14:03:24', 1);
INSERT INTO `phone` (`id_phone`, `phone`, `owner_name`, `reg_date`, `wallet_value`, `talk_value`, `traffic_value`, `sms_value`, `last_payment`, `active`) VALUES (21, '1-969-493-7957x059', 'Jasmin McDermott', '1977-03-20 00:42:45', 1245, 321, 367, 321, '2009-12-09 02:14:16', 1);
INSERT INTO `phone` (`id_phone`, `phone`, `owner_name`, `reg_date`, `wallet_value`, `talk_value`, `traffic_value`, `sms_value`, `last_payment`, `active`) VALUES (22, '08593654617', 'Robin Schoen', '2021-02-08 13:07:58', 1692, 603, 734, 878, '1998-04-28 20:39:09', 0);
INSERT INTO `phone` (`id_phone`, `phone`, `owner_name`, `reg_date`, `wallet_value`, `talk_value`, `traffic_value`, `sms_value`, `last_payment`, `active`) VALUES (23, '09266275077', 'Prof. Lynn Kessler IV', '1983-10-16 16:37:25', 458, 874, 808, 817, '2008-12-21 05:00:27', 1);
INSERT INTO `phone` (`id_phone`, `phone`, `owner_name`, `reg_date`, `wallet_value`, `talk_value`, `traffic_value`, `sms_value`, `last_payment`, `active`) VALUES (24, '891-412-6041x9893', 'Ruthe Stanton', '2005-11-21 07:50:31', 4445, 369, 389, 483, '2020-07-22 17:37:13', 1);
INSERT INTO `phone` (`id_phone`, `phone`, `owner_name`, `reg_date`, `wallet_value`, `talk_value`, `traffic_value`, `sms_value`, `last_payment`, `active`) VALUES (25, '757-935-2985x8465', 'Ayana Stark', '2005-02-26 00:38:47', 4030, 481, 315, 196, '1994-04-22 00:18:01', 0);
INSERT INTO `phone` (`id_phone`, `phone`, `owner_name`, `reg_date`, `wallet_value`, `talk_value`, `traffic_value`, `sms_value`, `last_payment`, `active`) VALUES (26, '(862)647-5958', 'Skye Von', '2010-04-12 21:09:50', 2506, 516, 533, 344, '1990-06-17 08:41:53', 1);
INSERT INTO `phone` (`id_phone`, `phone`, `owner_name`, `reg_date`, `wallet_value`, `talk_value`, `traffic_value`, `sms_value`, `last_payment`, `active`) VALUES (27, '1-530-988-3684', 'Miss Virginie Will V', '1973-02-19 06:51:04', 2427, 862, 211, 253, '1978-01-07 21:36:29', 0);
INSERT INTO `phone` (`id_phone`, `phone`, `owner_name`, `reg_date`, `wallet_value`, `talk_value`, `traffic_value`, `sms_value`, `last_payment`, `active`) VALUES (28, '697.726.8361', 'Morgan Pacocha', '1977-11-18 22:59:06', 344, 834, 962, 786, '1999-05-05 19:52:23', 1);
INSERT INTO `phone` (`id_phone`, `phone`, `owner_name`, `reg_date`, `wallet_value`, `talk_value`, `traffic_value`, `sms_value`, `last_payment`, `active`) VALUES (29, '1-612-821-5184', 'Catharine Heaney MD', '2020-07-19 11:43:50', 1595, 394, 204, 905, '2002-07-31 11:12:14', 1);
INSERT INTO `phone` (`id_phone`, `phone`, `owner_name`, `reg_date`, `wallet_value`, `talk_value`, `traffic_value`, `sms_value`, `last_payment`, `active`) VALUES (30, '(549)099-8883', 'Fabian Brown', '1977-10-29 18:41:34', 4361, 675, 801, 913, '1980-06-25 14:10:23', 1);
INSERT INTO `phone` (`id_phone`, `phone`, `owner_name`, `reg_date`, `wallet_value`, `talk_value`, `traffic_value`, `sms_value`, `last_payment`, `active`) VALUES (31, '1-274-553-9122', 'Mr. Antwan Trantow I', '1981-06-30 22:07:23', 1758, 605, 668, 151, '2012-05-27 21:28:30', 0);
INSERT INTO `phone` (`id_phone`, `phone`, `owner_name`, `reg_date`, `wallet_value`, `talk_value`, `traffic_value`, `sms_value`, `last_payment`, `active`) VALUES (32, '(769)069-3032x814', 'Kennith Schulist', '1975-05-01 16:39:04', 3159, 800, 347, 201, '2006-09-30 08:52:10', 0);
INSERT INTO `phone` (`id_phone`, `phone`, `owner_name`, `reg_date`, `wallet_value`, `talk_value`, `traffic_value`, `sms_value`, `last_payment`, `active`) VALUES (33, '(527)697-1941', 'Joshuah Kiehn', '1993-09-29 22:07:04', 654, 339, 807, 511, '2006-07-10 19:19:11', 0);
INSERT INTO `phone` (`id_phone`, `phone`, `owner_name`, `reg_date`, `wallet_value`, `talk_value`, `traffic_value`, `sms_value`, `last_payment`, `active`) VALUES (34, '208-319-9922', 'Juliet Kassulke', '1970-07-30 10:34:21', 145, 226, 107, 490, '1981-07-15 05:54:30', 1);
INSERT INTO `phone` (`id_phone`, `phone`, `owner_name`, `reg_date`, `wallet_value`, `talk_value`, `traffic_value`, `sms_value`, `last_payment`, `active`) VALUES (35, '(796)255-3266x4591', 'Mitchell Gutmann III', '2012-02-03 14:58:05', 378, 676, 971, 761, '1990-05-15 06:43:12', 1);
INSERT INTO `phone` (`id_phone`, `phone`, `owner_name`, `reg_date`, `wallet_value`, `talk_value`, `traffic_value`, `sms_value`, `last_payment`, `active`) VALUES (36, '(910)535-4169', 'Mrs. Retha Wyman DVM', '1997-01-19 20:35:28', 3752, 285, 932, 502, '2008-03-30 04:40:21', 0);
INSERT INTO `phone` (`id_phone`, `phone`, `owner_name`, `reg_date`, `wallet_value`, `talk_value`, `traffic_value`, `sms_value`, `last_payment`, `active`) VALUES (37, '06539723294', 'Carey Littel II', '1983-04-15 10:33:33', 4671, 562, 211, 874, '1972-05-18 02:49:48', 0);
INSERT INTO `phone` (`id_phone`, `phone`, `owner_name`, `reg_date`, `wallet_value`, `talk_value`, `traffic_value`, `sms_value`, `last_payment`, `active`) VALUES (38, '671.718.1333', 'Jorge Huel', '2019-08-25 07:07:39', 3149, 234, 419, 188, '2000-08-01 15:44:40', 1);
INSERT INTO `phone` (`id_phone`, `phone`, `owner_name`, `reg_date`, `wallet_value`, `talk_value`, `traffic_value`, `sms_value`, `last_payment`, `active`) VALUES (39, '1-293-082-4457x6818', 'Sarah Buckridge', '1988-04-09 20:09:13', 2550, 550, 882, 708, '2021-07-15 03:34:46', 1);
INSERT INTO `phone` (`id_phone`, `phone`, `owner_name`, `reg_date`, `wallet_value`, `talk_value`, `traffic_value`, `sms_value`, `last_payment`, `active`) VALUES (40, '04960708397', 'Zack Feeney', '1988-12-09 20:06:46', 4000, 557, 40, 146, '1996-07-16 06:11:44', 0);
INSERT INTO `phone` (`id_phone`, `phone`, `owner_name`, `reg_date`, `wallet_value`, `talk_value`, `traffic_value`, `sms_value`, `last_payment`, `active`) VALUES (41, '+91(2)2108388950', 'Hoyt Hirthe', '2015-03-26 03:58:47', 3189, 751, 368, 54, '2021-12-05 16:28:30', 0);
INSERT INTO `phone` (`id_phone`, `phone`, `owner_name`, `reg_date`, `wallet_value`, `talk_value`, `traffic_value`, `sms_value`, `last_payment`, `active`) VALUES (42, '01016104769', 'Mrs. Verona Skiles Jr.', '2000-11-16 13:25:51', 1850, 796, 277, 925, '1980-10-30 15:34:56', 1);
INSERT INTO `phone` (`id_phone`, `phone`, `owner_name`, `reg_date`, `wallet_value`, `talk_value`, `traffic_value`, `sms_value`, `last_payment`, `active`) VALUES (43, '(254)480-5767', 'Prof. Ronny Oberbrunner', '1971-12-02 19:29:16', 3535, 944, 320, 71, '2010-02-27 12:28:50', 0);
INSERT INTO `phone` (`id_phone`, `phone`, `owner_name`, `reg_date`, `wallet_value`, `talk_value`, `traffic_value`, `sms_value`, `last_payment`, `active`) VALUES (44, '(626)402-5112x9120', 'Jena Eichmann', '1990-03-16 10:18:11', 3480, 309, 690, 975, '2016-11-04 12:07:48', 0);
INSERT INTO `phone` (`id_phone`, `phone`, `owner_name`, `reg_date`, `wallet_value`, `talk_value`, `traffic_value`, `sms_value`, `last_payment`, `active`) VALUES (45, '(670)749-0457x84859', 'Freda Oberbrunner', '1990-05-19 09:02:44', 4274, 746, 205, 269, '1992-07-02 12:14:48', 0);
INSERT INTO `phone` (`id_phone`, `phone`, `owner_name`, `reg_date`, `wallet_value`, `talk_value`, `traffic_value`, `sms_value`, `last_payment`, `active`) VALUES (46, '048-683-6487x0706', 'Dr. Stanford Mohr', '1973-08-02 07:36:09', 1454, 417, 704, 69, '2009-10-30 04:22:33', 0);
INSERT INTO `phone` (`id_phone`, `phone`, `owner_name`, `reg_date`, `wallet_value`, `talk_value`, `traffic_value`, `sms_value`, `last_payment`, `active`) VALUES (47, '1-725-448-9566x52745', 'Tom Quitzon Jr.', '1991-05-05 14:07:07', 2189, 827, 455, 50, '1970-06-14 20:51:37', 0);
INSERT INTO `phone` (`id_phone`, `phone`, `owner_name`, `reg_date`, `wallet_value`, `talk_value`, `traffic_value`, `sms_value`, `last_payment`, `active`) VALUES (48, '(378)060-0104x499', 'Mr. Bernie Rath MD', '2019-04-01 20:11:19', 391, 868, 527, 317, '2021-08-08 19:06:46', 1);
INSERT INTO `phone` (`id_phone`, `phone`, `owner_name`, `reg_date`, `wallet_value`, `talk_value`, `traffic_value`, `sms_value`, `last_payment`, `active`) VALUES (49, '+50(1)0389311889', 'Ms. Millie Hilll', '2005-03-24 09:38:08', 425, 333, 848, 989, '2009-03-07 03:07:48', 0);
INSERT INTO `phone` (`id_phone`, `phone`, `owner_name`, `reg_date`, `wallet_value`, `talk_value`, `traffic_value`, `sms_value`, `last_payment`, `active`) VALUES (50, '831-103-6685x9194', 'Obie Botsford', '1987-05-25 04:03:16', 2215, 450, 450, 283, '2005-06-09 13:14:07', 0);
INSERT INTO `phone` (`id_phone`, `phone`, `owner_name`, `reg_date`, `wallet_value`, `talk_value`, `traffic_value`, `sms_value`, `last_payment`, `active`) VALUES (51, '1-161-885-0406', 'Mr. Friedrich Halvorson MD', '1990-09-06 22:13:24', 2948, 574, 64, 270, '1973-02-01 08:37:24', 0);
INSERT INTO `phone` (`id_phone`, `phone`, `owner_name`, `reg_date`, `wallet_value`, `talk_value`, `traffic_value`, `sms_value`, `last_payment`, `active`) VALUES (52, '(850)272-5322x1840', 'Mr. Robert Donnelly II', '1975-10-04 22:41:21', 1855, 548, 695, 809, '2015-11-05 17:56:16', 0);
INSERT INTO `phone` (`id_phone`, `phone`, `owner_name`, `reg_date`, `wallet_value`, `talk_value`, `traffic_value`, `sms_value`, `last_payment`, `active`) VALUES (53, '238-106-6369', 'Austin Brakus III', '1974-03-30 03:04:20', 3342, 630, 185, 888, '2021-03-14 22:06:23', 1);
INSERT INTO `phone` (`id_phone`, `phone`, `owner_name`, `reg_date`, `wallet_value`, `talk_value`, `traffic_value`, `sms_value`, `last_payment`, `active`) VALUES (54, '1-748-943-7085', 'Millie Rippin', '1976-06-01 01:51:58', 241, 522, 983, 41, '1975-02-14 01:26:43', 0);
INSERT INTO `phone` (`id_phone`, `phone`, `owner_name`, `reg_date`, `wallet_value`, `talk_value`, `traffic_value`, `sms_value`, `last_payment`, `active`) VALUES (55, '(492)196-8272', 'Eugenia McGlynn', '1999-09-08 13:31:47', 3289, 310, 33, 946, '2014-05-19 15:48:27', 0);
INSERT INTO `phone` (`id_phone`, `phone`, `owner_name`, `reg_date`, `wallet_value`, `talk_value`, `traffic_value`, `sms_value`, `last_payment`, `active`) VALUES (56, '109-537-5684x89844', 'Mr. Otto Fahey', '2009-03-30 19:51:32', 3108, 891, 18, 836, '2016-12-04 17:06:52', 0);
INSERT INTO `phone` (`id_phone`, `phone`, `owner_name`, `reg_date`, `wallet_value`, `talk_value`, `traffic_value`, `sms_value`, `last_payment`, `active`) VALUES (57, '345-363-3444x586', 'Casimir Goodwin', '1974-04-08 01:10:18', 3721, 598, 274, 82, '1999-10-23 15:44:59', 1);
INSERT INTO `phone` (`id_phone`, `phone`, `owner_name`, `reg_date`, `wallet_value`, `talk_value`, `traffic_value`, `sms_value`, `last_payment`, `active`) VALUES (58, '05471646207', 'Anastasia Feil', '1985-08-31 01:53:31', 3682, 747, 205, 856, '1976-06-30 08:51:17', 0);
INSERT INTO `phone` (`id_phone`, `phone`, `owner_name`, `reg_date`, `wallet_value`, `talk_value`, `traffic_value`, `sms_value`, `last_payment`, `active`) VALUES (59, '281-582-2366x17211', 'Prof. Deonte Schuppe', '1974-11-13 02:44:04', 2507, 5, 721, 515, '2020-02-10 17:27:16', 0);
INSERT INTO `phone` (`id_phone`, `phone`, `owner_name`, `reg_date`, `wallet_value`, `talk_value`, `traffic_value`, `sms_value`, `last_payment`, `active`) VALUES (60, '00684139992', 'Frida Lind', '1985-08-15 00:58:48', 29, 249, 160, 340, '1979-11-25 05:56:28', 0);
INSERT INTO `phone` (`id_phone`, `phone`, `owner_name`, `reg_date`, `wallet_value`, `talk_value`, `traffic_value`, `sms_value`, `last_payment`, `active`) VALUES (61, '1-736-453-7284x83508', 'Brooke Koelpin', '2020-01-17 15:59:13', 1973, 995, 815, 138, '2005-04-28 04:31:02', 0);
INSERT INTO `phone` (`id_phone`, `phone`, `owner_name`, `reg_date`, `wallet_value`, `talk_value`, `traffic_value`, `sms_value`, `last_payment`, `active`) VALUES (62, '1-778-851-1178x136', 'Garth Kessler', '1994-08-15 16:30:58', 1937, 435, 718, 71, '2000-06-01 00:37:28', 1);
INSERT INTO `phone` (`id_phone`, `phone`, `owner_name`, `reg_date`, `wallet_value`, `talk_value`, `traffic_value`, `sms_value`, `last_payment`, `active`) VALUES (63, '173.511.3715', 'Dr. Gwendolyn Brown', '1983-07-19 13:31:44', 3928, 688, 892, 55, '2011-04-20 17:12:33', 0);
INSERT INTO `phone` (`id_phone`, `phone`, `owner_name`, `reg_date`, `wallet_value`, `talk_value`, `traffic_value`, `sms_value`, `last_payment`, `active`) VALUES (64, '023.656.7666x5153', 'Prof. Verna Koepp III', '2000-09-01 20:46:45', 2506, 445, 322, 959, '1971-07-23 10:49:12', 0);
INSERT INTO `phone` (`id_phone`, `phone`, `owner_name`, `reg_date`, `wallet_value`, `talk_value`, `traffic_value`, `sms_value`, `last_payment`, `active`) VALUES (65, '(543)682-6966x27560', 'Jada Marquardt', '1973-12-05 23:56:56', 277, 593, 298, 848, '1994-05-03 05:47:53', 0);
INSERT INTO `phone` (`id_phone`, `phone`, `owner_name`, `reg_date`, `wallet_value`, `talk_value`, `traffic_value`, `sms_value`, `last_payment`, `active`) VALUES (66, '975.718.5812x0807', 'Mitchell Jacobson', '1975-04-29 13:38:55', 2539, 571, 874, 400, '2006-11-30 07:24:29', 1);
INSERT INTO `phone` (`id_phone`, `phone`, `owner_name`, `reg_date`, `wallet_value`, `talk_value`, `traffic_value`, `sms_value`, `last_payment`, `active`) VALUES (67, '859-251-3575', 'Mr. Santiago Haley DVM', '2010-01-21 12:19:59', 4092, 858, 946, 715, '1983-01-16 03:30:46', 0);
INSERT INTO `phone` (`id_phone`, `phone`, `owner_name`, `reg_date`, `wallet_value`, `talk_value`, `traffic_value`, `sms_value`, `last_payment`, `active`) VALUES (68, '(619)952-5394x151', 'Devyn Hilpert I', '1997-10-29 07:58:32', 1544, 614, 283, 200, '1992-07-11 04:28:38', 0);
INSERT INTO `phone` (`id_phone`, `phone`, `owner_name`, `reg_date`, `wallet_value`, `talk_value`, `traffic_value`, `sms_value`, `last_payment`, `active`) VALUES (69, '1-372-712-4303x6163', 'Prof. Felton Heidenreich DVM', '1982-01-19 19:03:21', 348, 246, 326, 881, '2008-08-25 23:56:41', 1);
INSERT INTO `phone` (`id_phone`, `phone`, `owner_name`, `reg_date`, `wallet_value`, `talk_value`, `traffic_value`, `sms_value`, `last_payment`, `active`) VALUES (70, '(690)536-2373', 'Miss Leanne Schmidt Sr.', '2018-04-11 03:01:57', 4502, 129, 808, 819, '2020-07-12 12:16:50', 1);
INSERT INTO `phone` (`id_phone`, `phone`, `owner_name`, `reg_date`, `wallet_value`, `talk_value`, `traffic_value`, `sms_value`, `last_payment`, `active`) VALUES (71, '213.856.2965', 'Xander Fay', '1970-04-06 10:46:12', 4228, 531, 879, 459, '1984-10-26 21:43:02', 0);
INSERT INTO `phone` (`id_phone`, `phone`, `owner_name`, `reg_date`, `wallet_value`, `talk_value`, `traffic_value`, `sms_value`, `last_payment`, `active`) VALUES (72, '790-754-0799', 'Torrance Pagac', '1997-07-08 03:53:00', 4101, 869, 553, 269, '2021-02-09 10:59:51', 1);
INSERT INTO `phone` (`id_phone`, `phone`, `owner_name`, `reg_date`, `wallet_value`, `talk_value`, `traffic_value`, `sms_value`, `last_payment`, `active`) VALUES (73, '+17(4)2762151835', 'Jean Conroy', '1973-02-27 15:36:16', 1116, 376, 299, 612, '2001-07-26 02:58:37', 1);
INSERT INTO `phone` (`id_phone`, `phone`, `owner_name`, `reg_date`, `wallet_value`, `talk_value`, `traffic_value`, `sms_value`, `last_payment`, `active`) VALUES (74, '108.171.9541', 'Mathias Swift', '1998-07-03 23:04:13', 1851, 415, 187, 762, '1993-09-20 07:37:28', 0);
INSERT INTO `phone` (`id_phone`, `phone`, `owner_name`, `reg_date`, `wallet_value`, `talk_value`, `traffic_value`, `sms_value`, `last_payment`, `active`) VALUES (75, '(133)545-8927x0936', 'Meda Pagac', '1981-10-09 19:42:01', 1523, 660, 669, 27, '1991-01-03 11:04:22', 0);
INSERT INTO `phone` (`id_phone`, `phone`, `owner_name`, `reg_date`, `wallet_value`, `talk_value`, `traffic_value`, `sms_value`, `last_payment`, `active`) VALUES (76, '1-702-632-1565x8025', 'Velda Kerluke', '1984-08-08 23:10:25', 4408, 916, 660, 412, '2005-11-30 02:18:52', 0);
INSERT INTO `phone` (`id_phone`, `phone`, `owner_name`, `reg_date`, `wallet_value`, `talk_value`, `traffic_value`, `sms_value`, `last_payment`, `active`) VALUES (77, '(987)846-7370x229', 'Prof. Alphonso Donnelly', '1977-04-23 17:49:43', 1760, 779, 68, 413, '2002-06-24 06:48:53', 1);
INSERT INTO `phone` (`id_phone`, `phone`, `owner_name`, `reg_date`, `wallet_value`, `talk_value`, `traffic_value`, `sms_value`, `last_payment`, `active`) VALUES (78, '1-858-656-4725x69986', 'Garnett Hilpert II', '1986-09-29 20:35:09', 4741, 186, 270, 317, '2013-08-07 06:25:57', 1);
INSERT INTO `phone` (`id_phone`, `phone`, `owner_name`, `reg_date`, `wallet_value`, `talk_value`, `traffic_value`, `sms_value`, `last_payment`, `active`) VALUES (79, '380-202-9563', 'Mr. Kurt Skiles', '2018-12-31 07:02:36', 2660, 579, 777, 362, '2020-05-01 07:20:36', 0);
INSERT INTO `phone` (`id_phone`, `phone`, `owner_name`, `reg_date`, `wallet_value`, `talk_value`, `traffic_value`, `sms_value`, `last_payment`, `active`) VALUES (80, '554-668-2616x191', 'Prof. Pablo Keebler PhD', '1992-06-18 09:15:36', 2193, 482, 287, 272, '2015-04-25 15:19:46', 0);
INSERT INTO `phone` (`id_phone`, `phone`, `owner_name`, `reg_date`, `wallet_value`, `talk_value`, `traffic_value`, `sms_value`, `last_payment`, `active`) VALUES (81, '487.812.8938', 'Mr. Andy Schuster Sr.', '1985-03-29 08:43:33', 1774, 251, 200, 834, '1973-11-13 17:10:14', 1);
INSERT INTO `phone` (`id_phone`, `phone`, `owner_name`, `reg_date`, `wallet_value`, `talk_value`, `traffic_value`, `sms_value`, `last_payment`, `active`) VALUES (82, '1-350-749-7359x001', 'Dr. Twila Rodriguez', '2008-07-21 20:07:40', 3974, 65, 652, 491, '1993-05-17 07:22:57', 1);
INSERT INTO `phone` (`id_phone`, `phone`, `owner_name`, `reg_date`, `wallet_value`, `talk_value`, `traffic_value`, `sms_value`, `last_payment`, `active`) VALUES (83, '405.419.2486', 'Prof. Shyanne Kilback IV', '2007-11-01 01:56:59', 4447, 922, 318, 440, '1993-07-31 17:47:45', 0);
INSERT INTO `phone` (`id_phone`, `phone`, `owner_name`, `reg_date`, `wallet_value`, `talk_value`, `traffic_value`, `sms_value`, `last_payment`, `active`) VALUES (84, '04195894613', 'Cara Stracke', '1971-11-15 10:56:19', 2894, 181, 125, 763, '1975-12-22 17:17:30', 0);
INSERT INTO `phone` (`id_phone`, `phone`, `owner_name`, `reg_date`, `wallet_value`, `talk_value`, `traffic_value`, `sms_value`, `last_payment`, `active`) VALUES (85, '(353)242-0029x7932', 'Mrs. Jayne Hayes Jr.', '1973-09-30 01:09:07', 1868, 905, 208, 165, '1997-04-20 03:18:12', 1);
INSERT INTO `phone` (`id_phone`, `phone`, `owner_name`, `reg_date`, `wallet_value`, `talk_value`, `traffic_value`, `sms_value`, `last_payment`, `active`) VALUES (86, '366.236.1401', 'Loma Ferry', '1971-05-11 08:27:28', 4119, 607, 276, 947, '1975-11-10 00:35:18', 1);
INSERT INTO `phone` (`id_phone`, `phone`, `owner_name`, `reg_date`, `wallet_value`, `talk_value`, `traffic_value`, `sms_value`, `last_payment`, `active`) VALUES (87, '(785)668-0178x8585', 'Pansy McClure', '2000-10-09 12:14:44', 518, 71, 150, 905, '2018-01-14 17:13:40', 0);
INSERT INTO `phone` (`id_phone`, `phone`, `owner_name`, `reg_date`, `wallet_value`, `talk_value`, `traffic_value`, `sms_value`, `last_payment`, `active`) VALUES (88, '+91(1)1993010510', 'Jan Hane', '1994-06-01 01:52:01', 3312, 870, 540, 947, '1976-06-23 03:56:54', 0);
INSERT INTO `phone` (`id_phone`, `phone`, `owner_name`, `reg_date`, `wallet_value`, `talk_value`, `traffic_value`, `sms_value`, `last_payment`, `active`) VALUES (89, '(242)130-4700x9962', 'Nat Farrell', '1990-06-01 03:22:07', 2729, 607, 540, 655, '1999-12-07 21:03:23', 1);
INSERT INTO `phone` (`id_phone`, `phone`, `owner_name`, `reg_date`, `wallet_value`, `talk_value`, `traffic_value`, `sms_value`, `last_payment`, `active`) VALUES (90, '887.019.4289', 'Hailie McDermott', '2019-03-01 22:39:05', 1314, 160, 8, 17, '1991-05-05 12:31:51', 1);
INSERT INTO `phone` (`id_phone`, `phone`, `owner_name`, `reg_date`, `wallet_value`, `talk_value`, `traffic_value`, `sms_value`, `last_payment`, `active`) VALUES (91, '640.869.1315x0294', 'Ramon Mueller', '2010-10-09 17:08:22', 4052, 583, 966, 667, '2014-04-28 09:13:19', 1);
INSERT INTO `phone` (`id_phone`, `phone`, `owner_name`, `reg_date`, `wallet_value`, `talk_value`, `traffic_value`, `sms_value`, `last_payment`, `active`) VALUES (92, '831.527.3950x5599', 'Ms. Ebony Kunde', '2010-07-08 11:33:15', 1119, 696, 951, 892, '1994-12-20 05:33:41', 0);
INSERT INTO `phone` (`id_phone`, `phone`, `owner_name`, `reg_date`, `wallet_value`, `talk_value`, `traffic_value`, `sms_value`, `last_payment`, `active`) VALUES (93, '1-292-018-6900x658', 'Prof. Elwyn Nader', '1976-06-03 05:27:49', 527, 780, 300, 356, '1987-08-22 22:32:13', 1);
INSERT INTO `phone` (`id_phone`, `phone`, `owner_name`, `reg_date`, `wallet_value`, `talk_value`, `traffic_value`, `sms_value`, `last_payment`, `active`) VALUES (94, '865.019.2857', 'Jeramy Champlin', '2008-08-02 08:25:05', 2768, 967, 90, 918, '2021-09-12 19:38:28', 1);
INSERT INTO `phone` (`id_phone`, `phone`, `owner_name`, `reg_date`, `wallet_value`, `talk_value`, `traffic_value`, `sms_value`, `last_payment`, `active`) VALUES (95, '05703407575', 'Esmeralda Wilkinson', '1975-06-21 14:59:48', 2296, 228, 275, 377, '1992-09-07 12:15:02', 1);
INSERT INTO `phone` (`id_phone`, `phone`, `owner_name`, `reg_date`, `wallet_value`, `talk_value`, `traffic_value`, `sms_value`, `last_payment`, `active`) VALUES (96, '(228)856-0625x786', 'Zoie Macejkovic', '1981-04-26 18:10:10', 717, 77, 478, 643, '2000-01-22 23:00:27', 1);
INSERT INTO `phone` (`id_phone`, `phone`, `owner_name`, `reg_date`, `wallet_value`, `talk_value`, `traffic_value`, `sms_value`, `last_payment`, `active`) VALUES (97, '001-552-2018', 'Ms. Dasia Kuvalis Sr.', '1999-06-16 06:54:20', 3540, 136, 93, 256, '1989-10-02 17:21:37', 1);
INSERT INTO `phone` (`id_phone`, `phone`, `owner_name`, `reg_date`, `wallet_value`, `talk_value`, `traffic_value`, `sms_value`, `last_payment`, `active`) VALUES (98, '1-985-656-5868', 'Coy Nolan', '2016-10-14 04:06:17', 101, 190, 694, 676, '1997-12-04 07:48:19', 1);
INSERT INTO `phone` (`id_phone`, `phone`, `owner_name`, `reg_date`, `wallet_value`, `talk_value`, `traffic_value`, `sms_value`, `last_payment`, `active`) VALUES (99, '(059)868-7662x398', 'Miss Irma Block DVM', '1983-12-26 09:17:59', 2569, 275, 730, 356, '2007-08-28 15:29:09', 1);
INSERT INTO `phone` (`id_phone`, `phone`, `owner_name`, `reg_date`, `wallet_value`, `talk_value`, `traffic_value`, `sms_value`, `last_payment`, `active`) VALUES (100, '07614475096', 'Delmer Nikolaus', '1973-11-13 06:37:01', 107, 468, 854, 879, '1977-10-14 21:03:58', 0);

DELETE FROM tariff;

INSERT INTO `tariff` (`id_tariff`, `name`, `talk_value`, `traffic_value`, `sms_value`, `cost`, `tariff_period`) VALUES (1, 'porro', 312, 774, 605, 3734, '17:51:31');
INSERT INTO `tariff` (`id_tariff`, `name`, `talk_value`, `traffic_value`, `sms_value`, `cost`, `tariff_period`) VALUES (2, 'omnis', 89, 834, 519, 1710, '06:29:51');
INSERT INTO `tariff` (`id_tariff`, `name`, `talk_value`, `traffic_value`, `sms_value`, `cost`, `tariff_period`) VALUES (3, 'unde', 161, 657, 75, 14, '00:43:11');
INSERT INTO `tariff` (`id_tariff`, `name`, `talk_value`, `traffic_value`, `sms_value`, `cost`, `tariff_period`) VALUES (4, 'et', 500, 578, 262, 10758, '12:49:06');
INSERT INTO `tariff` (`id_tariff`, `name`, `talk_value`, `traffic_value`, `sms_value`, `cost`, `tariff_period`) VALUES (5, 'tenetur', 730, 494, 780, 6531513, '08:03:10');
INSERT INTO `tariff` (`id_tariff`, `name`, `talk_value`, `traffic_value`, `sms_value`, `cost`, `tariff_period`) VALUES (6, 'nemo', 570, 511, 606, 638941, '01:20:16');
INSERT INTO `tariff` (`id_tariff`, `name`, `talk_value`, `traffic_value`, `sms_value`, `cost`, `tariff_period`) VALUES (7, 'animi', 236, 995, 72, 670914880, '19:18:25');
INSERT INTO `tariff` (`id_tariff`, `name`, `talk_value`, `traffic_value`, `sms_value`, `cost`, `tariff_period`) VALUES (8, 'iusto', 152, 82, 577, 0, '04:08:45');
INSERT INTO `tariff` (`id_tariff`, `name`, `talk_value`, `traffic_value`, `sms_value`, `cost`, `tariff_period`) VALUES (9, 'vel', 890, 839, 944, 5, '04:47:37');
INSERT INTO `tariff` (`id_tariff`, `name`, `talk_value`, `traffic_value`, `sms_value`, `cost`, `tariff_period`) VALUES (10, 'ut', 750, 982, 854, 0, '14:10:56');
INSERT INTO `tariff` (`id_tariff`, `name`, `talk_value`, `traffic_value`, `sms_value`, `cost`, `tariff_period`) VALUES (11, 'alias', 996, 632, 126, 7430180, '18:20:23');
INSERT INTO `tariff` (`id_tariff`, `name`, `talk_value`, `traffic_value`, `sms_value`, `cost`, `tariff_period`) VALUES (12, 'quam', 269, 941, 655, 127395, '13:46:06');
INSERT INTO `tariff` (`id_tariff`, `name`, `talk_value`, `traffic_value`, `sms_value`, `cost`, `tariff_period`) VALUES (13, 'nisi', 778, 340, 149, 0, '05:07:00');
INSERT INTO `tariff` (`id_tariff`, `name`, `talk_value`, `traffic_value`, `sms_value`, `cost`, `tariff_period`) VALUES (14, 'dolorem', 590, 813, 942, 72595, '05:40:45');
INSERT INTO `tariff` (`id_tariff`, `name`, `talk_value`, `traffic_value`, `sms_value`, `cost`, `tariff_period`) VALUES (15, 'modi', 862, 350, 922, 980, '21:02:27');
INSERT INTO `tariff` (`id_tariff`, `name`, `talk_value`, `traffic_value`, `sms_value`, `cost`, `tariff_period`) VALUES (16, 'illo', 281, 962, 758, 0, '17:10:49');
INSERT INTO `tariff` (`id_tariff`, `name`, `talk_value`, `traffic_value`, `sms_value`, `cost`, `tariff_period`) VALUES (17, 'dicta', 103, 710, 110, 0, '05:51:20');
INSERT INTO `tariff` (`id_tariff`, `name`, `talk_value`, `traffic_value`, `sms_value`, `cost`, `tariff_period`) VALUES (18, 'earum', 387, 340, 441, 3362657, '17:03:24');
INSERT INTO `tariff` (`id_tariff`, `name`, `talk_value`, `traffic_value`, `sms_value`, `cost`, `tariff_period`) VALUES (19, 'voluptates', 188, 641, 118, 2, '09:43:13');
INSERT INTO `tariff` (`id_tariff`, `name`, `talk_value`, `traffic_value`, `sms_value`, `cost`, `tariff_period`) VALUES (20, 'eveniet', 840, 563, 875, 134, '10:29:17');
INSERT INTO `tariff` (`id_tariff`, `name`, `talk_value`, `traffic_value`, `sms_value`, `cost`, `tariff_period`) VALUES (21, 'blanditiis', 867, 564, 213, 547609, '23:54:48');
INSERT INTO `tariff` (`id_tariff`, `name`, `talk_value`, `traffic_value`, `sms_value`, `cost`, `tariff_period`) VALUES (22, 'quis', 67, 487, 545, 0, '05:18:43');
INSERT INTO `tariff` (`id_tariff`, `name`, `talk_value`, `traffic_value`, `sms_value`, `cost`, `tariff_period`) VALUES (23, 'minus', 991, 268, 146, 19875, '04:15:56');
INSERT INTO `tariff` (`id_tariff`, `name`, `talk_value`, `traffic_value`, `sms_value`, `cost`, `tariff_period`) VALUES (24, 'aut', 114, 920, 508, 6602, '06:20:56');
INSERT INTO `tariff` (`id_tariff`, `name`, `talk_value`, `traffic_value`, `sms_value`, `cost`, `tariff_period`) VALUES (25, 'est', 1000, 387, 470, 4036679, '14:32:06');
INSERT INTO `tariff` (`id_tariff`, `name`, `talk_value`, `traffic_value`, `sms_value`, `cost`, `tariff_period`) VALUES (26, 'accusantium', 104, 902, 169, 28640, '04:02:31');
INSERT INTO `tariff` (`id_tariff`, `name`, `talk_value`, `traffic_value`, `sms_value`, `cost`, `tariff_period`) VALUES (27, 'autem', 503, 515, 476, 13386, '10:48:13');
INSERT INTO `tariff` (`id_tariff`, `name`, `talk_value`, `traffic_value`, `sms_value`, `cost`, `tariff_period`) VALUES (28, 'placeat', 822, 205, 866, 0, '12:46:49');
INSERT INTO `tariff` (`id_tariff`, `name`, `talk_value`, `traffic_value`, `sms_value`, `cost`, `tariff_period`) VALUES (29, 'necessitatibus', 163, 491, 213, 1174668, '22:02:41');
INSERT INTO `tariff` (`id_tariff`, `name`, `talk_value`, `traffic_value`, `sms_value`, `cost`, `tariff_period`) VALUES (30, 'nesciunt', 414, 890, 324, 1, '16:27:42');
INSERT INTO `tariff` (`id_tariff`, `name`, `talk_value`, `traffic_value`, `sms_value`, `cost`, `tariff_period`) VALUES (31, 'eius', 198, 583, 907, 1, '08:55:12');
INSERT INTO `tariff` (`id_tariff`, `name`, `talk_value`, `traffic_value`, `sms_value`, `cost`, `tariff_period`) VALUES (32, 'consectetur', 605, 885, 455, 5, '18:22:58');
INSERT INTO `tariff` (`id_tariff`, `name`, `talk_value`, `traffic_value`, `sms_value`, `cost`, `tariff_period`) VALUES (33, 'voluptate', 706, 700, 578, 5765368, '01:11:39');
INSERT INTO `tariff` (`id_tariff`, `name`, `talk_value`, `traffic_value`, `sms_value`, `cost`, `tariff_period`) VALUES (34, 'ipsa', 324, 250, 125, 38218837, '03:36:27');
INSERT INTO `tariff` (`id_tariff`, `name`, `talk_value`, `traffic_value`, `sms_value`, `cost`, `tariff_period`) VALUES (35, 'quaerat', 238, 192, 172, 416487, '06:23:30');
INSERT INTO `tariff` (`id_tariff`, `name`, `talk_value`, `traffic_value`, `sms_value`, `cost`, `tariff_period`) VALUES (36, 'doloremque', 778, 387, 406, 3863509, '18:14:18');
INSERT INTO `tariff` (`id_tariff`, `name`, `talk_value`, `traffic_value`, `sms_value`, `cost`, `tariff_period`) VALUES (37, 'sed', 795, 94, 818, 1, '10:09:40');
INSERT INTO `tariff` (`id_tariff`, `name`, `talk_value`, `traffic_value`, `sms_value`, `cost`, `tariff_period`) VALUES (38, 'veritatis', 549, 410, 582, 6788357, '13:07:23');
INSERT INTO `tariff` (`id_tariff`, `name`, `talk_value`, `traffic_value`, `sms_value`, `cost`, `tariff_period`) VALUES (39, 'similique', 615, 779, 872, 47, '05:18:28');
INSERT INTO `tariff` (`id_tariff`, `name`, `talk_value`, `traffic_value`, `sms_value`, `cost`, `tariff_period`) VALUES (40, 'ullam', 216, 192, 251, 294200560, '12:28:49');
INSERT INTO `tariff` (`id_tariff`, `name`, `talk_value`, `traffic_value`, `sms_value`, `cost`, `tariff_period`) VALUES (41, 'labore', 444, 782, 646, 21248, '23:53:21');
INSERT INTO `tariff` (`id_tariff`, `name`, `talk_value`, `traffic_value`, `sms_value`, `cost`, `tariff_period`) VALUES (42, 'error', 773, 553, 462, 733180, '12:21:44');
INSERT INTO `tariff` (`id_tariff`, `name`, `talk_value`, `traffic_value`, `sms_value`, `cost`, `tariff_period`) VALUES (43, 'distinctio', 760, 439, 124, 0, '10:16:10');
INSERT INTO `tariff` (`id_tariff`, `name`, `talk_value`, `traffic_value`, `sms_value`, `cost`, `tariff_period`) VALUES (44, 'eaque', 387, 435, 882, 6769994, '08:41:02');
INSERT INTO `tariff` (`id_tariff`, `name`, `talk_value`, `traffic_value`, `sms_value`, `cost`, `tariff_period`) VALUES (45, 'velit', 889, 782, 920, 23, '15:49:25');
INSERT INTO `tariff` (`id_tariff`, `name`, `talk_value`, `traffic_value`, `sms_value`, `cost`, `tariff_period`) VALUES (46, 'qui', 884, 943, 786, 316935265, '01:37:03');
INSERT INTO `tariff` (`id_tariff`, `name`, `talk_value`, `traffic_value`, `sms_value`, `cost`, `tariff_period`) VALUES (47, 'dolor', 684, 877, 419, 521855111, '19:58:37');
INSERT INTO `tariff` (`id_tariff`, `name`, `talk_value`, `traffic_value`, `sms_value`, `cost`, `tariff_period`) VALUES (48, 'aspernatur', 207, 225, 601, 15385225, '06:38:53');
INSERT INTO `tariff` (`id_tariff`, `name`, `talk_value`, `traffic_value`, `sms_value`, `cost`, `tariff_period`) VALUES (49, 'nihil', 585, 165, 475, 1355766, '18:34:23');
INSERT INTO `tariff` (`id_tariff`, `name`, `talk_value`, `traffic_value`, `sms_value`, `cost`, `tariff_period`) VALUES (50, 'officia', 618, 631, 105, 30, '10:46:07');
INSERT INTO `tariff` (`id_tariff`, `name`, `talk_value`, `traffic_value`, `sms_value`, `cost`, `tariff_period`) VALUES (51, 'adipisci', 959, 882, 563, 140, '12:23:15');
INSERT INTO `tariff` (`id_tariff`, `name`, `talk_value`, `traffic_value`, `sms_value`, `cost`, `tariff_period`) VALUES (52, 'numquam', 77, 642, 728, 6097, '20:27:03');
INSERT INTO `tariff` (`id_tariff`, `name`, `talk_value`, `traffic_value`, `sms_value`, `cost`, `tariff_period`) VALUES (53, 'dolorum', 557, 259, 387, 0, '08:20:17');
INSERT INTO `tariff` (`id_tariff`, `name`, `talk_value`, `traffic_value`, `sms_value`, `cost`, `tariff_period`) VALUES (54, 'sit', 936, 411, 423, 910, '08:24:40');
INSERT INTO `tariff` (`id_tariff`, `name`, `talk_value`, `traffic_value`, `sms_value`, `cost`, `tariff_period`) VALUES (55, 'laborum', 251, 246, 708, 5792998, '21:37:01');
INSERT INTO `tariff` (`id_tariff`, `name`, `talk_value`, `traffic_value`, `sms_value`, `cost`, `tariff_period`) VALUES (56, 'harum', 146, 281, 627, 26, '23:33:51');
INSERT INTO `tariff` (`id_tariff`, `name`, `talk_value`, `traffic_value`, `sms_value`, `cost`, `tariff_period`) VALUES (57, 'odio', 764, 287, 800, 58, '04:47:46');
INSERT INTO `tariff` (`id_tariff`, `name`, `talk_value`, `traffic_value`, `sms_value`, `cost`, `tariff_period`) VALUES (58, 'suscipit', 900, 885, 942, 54924059, '00:09:20');
INSERT INTO `tariff` (`id_tariff`, `name`, `talk_value`, `traffic_value`, `sms_value`, `cost`, `tariff_period`) VALUES (59, 'quo', 395, 825, 564, 522, '12:16:43');
INSERT INTO `tariff` (`id_tariff`, `name`, `talk_value`, `traffic_value`, `sms_value`, `cost`, `tariff_period`) VALUES (60, 'consequuntur', 450, 502, 488, 1, '00:22:37');
INSERT INTO `tariff` (`id_tariff`, `name`, `talk_value`, `traffic_value`, `sms_value`, `cost`, `tariff_period`) VALUES (61, 'voluptas', 629, 563, 738, 35006, '06:24:38');
INSERT INTO `tariff` (`id_tariff`, `name`, `talk_value`, `traffic_value`, `sms_value`, `cost`, `tariff_period`) VALUES (62, 'at', 103, 401, 757, 3107, '22:26:56');
INSERT INTO `tariff` (`id_tariff`, `name`, `talk_value`, `traffic_value`, `sms_value`, `cost`, `tariff_period`) VALUES (63, 'non', 353, 576, 231, 319078500, '00:53:17');
INSERT INTO `tariff` (`id_tariff`, `name`, `talk_value`, `traffic_value`, `sms_value`, `cost`, `tariff_period`) VALUES (64, 'asperiores', 98, 89, 59, 267393466, '15:35:31');
INSERT INTO `tariff` (`id_tariff`, `name`, `talk_value`, `traffic_value`, `sms_value`, `cost`, `tariff_period`) VALUES (65, 'nam', 576, 191, 803, 11, '12:24:28');
INSERT INTO `tariff` (`id_tariff`, `name`, `talk_value`, `traffic_value`, `sms_value`, `cost`, `tariff_period`) VALUES (66, 'architecto', 402, 842, 723, 1969, '10:37:26');
INSERT INTO `tariff` (`id_tariff`, `name`, `talk_value`, `traffic_value`, `sms_value`, `cost`, `tariff_period`) VALUES (67, 'quisquam', 668, 510, 363, 1, '20:35:15');
INSERT INTO `tariff` (`id_tariff`, `name`, `talk_value`, `traffic_value`, `sms_value`, `cost`, `tariff_period`) VALUES (68, 'officiis', 749, 324, 361, 9036, '23:46:58');
INSERT INTO `tariff` (`id_tariff`, `name`, `talk_value`, `traffic_value`, `sms_value`, `cost`, `tariff_period`) VALUES (69, 'voluptatem', 980, 734, 304, 0, '12:53:54');
INSERT INTO `tariff` (`id_tariff`, `name`, `talk_value`, `traffic_value`, `sms_value`, `cost`, `tariff_period`) VALUES (70, 'dolores', 77, 136, 757, 0, '12:19:33');
INSERT INTO `tariff` (`id_tariff`, `name`, `talk_value`, `traffic_value`, `sms_value`, `cost`, `tariff_period`) VALUES (71, 'vero', 102, 885, 650, 343, '04:31:37');
INSERT INTO `tariff` (`id_tariff`, `name`, `talk_value`, `traffic_value`, `sms_value`, `cost`, `tariff_period`) VALUES (72, 'expedita', 661, 927, 254, 227, '01:41:34');
INSERT INTO `tariff` (`id_tariff`, `name`, `talk_value`, `traffic_value`, `sms_value`, `cost`, `tariff_period`) VALUES (73, 'libero', 906, 341, 889, 2648703, '04:20:47');
INSERT INTO `tariff` (`id_tariff`, `name`, `talk_value`, `traffic_value`, `sms_value`, `cost`, `tariff_period`) VALUES (74, 'nostrum', 337, 396, 576, 2899560, '23:38:57');
INSERT INTO `tariff` (`id_tariff`, `name`, `talk_value`, `traffic_value`, `sms_value`, `cost`, `tariff_period`) VALUES (75, 'ab', 740, 129, 478, 184004, '06:35:25');
INSERT INTO `tariff` (`id_tariff`, `name`, `talk_value`, `traffic_value`, `sms_value`, `cost`, `tariff_period`) VALUES (76, 'ea', 66, 215, 381, 1082, '23:19:46');
INSERT INTO `tariff` (`id_tariff`, `name`, `talk_value`, `traffic_value`, `sms_value`, `cost`, `tariff_period`) VALUES (77, 'assumenda', 332, 921, 823, 2, '12:41:45');
INSERT INTO `tariff` (`id_tariff`, `name`, `talk_value`, `traffic_value`, `sms_value`, `cost`, `tariff_period`) VALUES (78, 'beatae', 405, 702, 829, 269, '03:28:18');
INSERT INTO `tariff` (`id_tariff`, `name`, `talk_value`, `traffic_value`, `sms_value`, `cost`, `tariff_period`) VALUES (79, 'cum', 310, 773, 271, 0, '02:41:48');
INSERT INTO `tariff` (`id_tariff`, `name`, `talk_value`, `traffic_value`, `sms_value`, `cost`, `tariff_period`) VALUES (80, 'fugit', 582, 449, 945, 200038, '17:36:14');
INSERT INTO `tariff` (`id_tariff`, `name`, `talk_value`, `traffic_value`, `sms_value`, `cost`, `tariff_period`) VALUES (81, 'sint', 859, 963, 542, 75677442, '08:09:34');
INSERT INTO `tariff` (`id_tariff`, `name`, `talk_value`, `traffic_value`, `sms_value`, `cost`, `tariff_period`) VALUES (82, 'facere', 611, 304, 501, 71921, '09:48:18');
INSERT INTO `tariff` (`id_tariff`, `name`, `talk_value`, `traffic_value`, `sms_value`, `cost`, `tariff_period`) VALUES (83, 'culpa', 796, 79, 514, 0, '18:22:14');
INSERT INTO `tariff` (`id_tariff`, `name`, `talk_value`, `traffic_value`, `sms_value`, `cost`, `tariff_period`) VALUES (84, 'quibusdam', 177, 249, 622, 119, '09:36:49');
INSERT INTO `tariff` (`id_tariff`, `name`, `talk_value`, `traffic_value`, `sms_value`, `cost`, `tariff_period`) VALUES (85, 'excepturi', 157, 249, 949, 19765, '19:44:38');
INSERT INTO `tariff` (`id_tariff`, `name`, `talk_value`, `traffic_value`, `sms_value`, `cost`, `tariff_period`) VALUES (86, 'maiores', 111, 158, 395, 289254818, '14:30:52');
INSERT INTO `tariff` (`id_tariff`, `name`, `talk_value`, `traffic_value`, `sms_value`, `cost`, `tariff_period`) VALUES (87, 'quidem', 537, 425, 712, 0, '23:15:58');
INSERT INTO `tariff` (`id_tariff`, `name`, `talk_value`, `traffic_value`, `sms_value`, `cost`, `tariff_period`) VALUES (88, 'sapiente', 220, 910, 488, 5070, '06:02:05');
INSERT INTO `tariff` (`id_tariff`, `name`, `talk_value`, `traffic_value`, `sms_value`, `cost`, `tariff_period`) VALUES (89, 'provident', 751, 219, 945, 3563, '00:01:56');
INSERT INTO `tariff` (`id_tariff`, `name`, `talk_value`, `traffic_value`, `sms_value`, `cost`, `tariff_period`) VALUES (90, 'nulla', 176, 538, 764, 0, '15:59:39');
INSERT INTO `tariff` (`id_tariff`, `name`, `talk_value`, `traffic_value`, `sms_value`, `cost`, `tariff_period`) VALUES (91, 'aliquid', 425, 529, 350, 23, '21:11:01');
INSERT INTO `tariff` (`id_tariff`, `name`, `talk_value`, `traffic_value`, `sms_value`, `cost`, `tariff_period`) VALUES (92, 'praesentium', 904, 912, 305, 0, '08:26:27');
INSERT INTO `tariff` (`id_tariff`, `name`, `talk_value`, `traffic_value`, `sms_value`, `cost`, `tariff_period`) VALUES (93, 'eligendi', 332, 354, 360, 6084, '11:51:02');
INSERT INTO `tariff` (`id_tariff`, `name`, `talk_value`, `traffic_value`, `sms_value`, `cost`, `tariff_period`) VALUES (94, 'debitis', 433, 706, 956, 67208, '06:33:18');
INSERT INTO `tariff` (`id_tariff`, `name`, `talk_value`, `traffic_value`, `sms_value`, `cost`, `tariff_period`) VALUES (95, 'illum', 153, 696, 112, 41527, '23:27:31');
INSERT INTO `tariff` (`id_tariff`, `name`, `talk_value`, `traffic_value`, `sms_value`, `cost`, `tariff_period`) VALUES (96, 'doloribus', 389, 570, 739, 2168, '12:23:40');
INSERT INTO `tariff` (`id_tariff`, `name`, `talk_value`, `traffic_value`, `sms_value`, `cost`, `tariff_period`) VALUES (97, 'impedit', 175, 902, 84, 221893, '08:12:55');
INSERT INTO `tariff` (`id_tariff`, `name`, `talk_value`, `traffic_value`, `sms_value`, `cost`, `tariff_period`) VALUES (98, 'quasi', 986, 520, 663, 437, '17:13:46');
INSERT INTO `tariff` (`id_tariff`, `name`, `talk_value`, `traffic_value`, `sms_value`, `cost`, `tariff_period`) VALUES (99, 'quia', 987, 852, 224, 4466432, '10:07:59');
INSERT INTO `tariff` (`id_tariff`, `name`, `talk_value`, `traffic_value`, `sms_value`, `cost`, `tariff_period`) VALUES (100, 'a', 148, 676, 914, 70, '08:10:31');

DELETE FROM payment;

INSERT INTO `payment` (`id_payment`, `id_phone`, `reg_date`, `cost`, `payment_status`, `payment_date`) VALUES (103, 1, '1987-02-22 20:14:12', 143, 0, '2015-06-10 03:56:00');
INSERT INTO `payment` (`id_payment`, `id_phone`, `reg_date`, `cost`, `payment_status`, `payment_date`) VALUES (104, 1, '1998-04-16 09:34:04', 2165, 0, '2019-01-28 15:59:08');
INSERT INTO `payment` (`id_payment`, `id_phone`, `reg_date`, `cost`, `payment_status`, `payment_date`) VALUES (105, 28, '1970-11-20 00:07:03', 1414, 0, '1972-08-04 23:36:49');
INSERT INTO `payment` (`id_payment`, `id_phone`, `reg_date`, `cost`, `payment_status`, `payment_date`) VALUES (111, 1, '1976-03-07 07:35:27', 1774, 1, '1982-03-18 03:11:03');
INSERT INTO `payment` (`id_payment`, `id_phone`, `reg_date`, `cost`, `payment_status`, `payment_date`) VALUES (113, 19, '1990-01-09 20:14:19', 2908, 0, '2006-01-28 19:37:00');
INSERT INTO `payment` (`id_payment`, `id_phone`, `reg_date`, `cost`, `payment_status`, `payment_date`) VALUES (115, 96, '2019-02-19 06:14:40', 1085, 1, '2001-05-09 16:20:20');
INSERT INTO `payment` (`id_payment`, `id_phone`, `reg_date`, `cost`, `payment_status`, `payment_date`) VALUES (119, 1, '2010-07-18 21:29:07', 798, 1, '2000-10-12 19:53:59');
INSERT INTO `payment` (`id_payment`, `id_phone`, `reg_date`, `cost`, `payment_status`, `payment_date`) VALUES (126, 9, '2003-02-16 03:50:49', 1953, 1, '1987-06-02 16:04:02');
INSERT INTO `payment` (`id_payment`, `id_phone`, `reg_date`, `cost`, `payment_status`, `payment_date`) VALUES (127, 1, '1995-01-31 08:03:10', 3233, 0, '1975-10-19 18:13:51');
INSERT INTO `payment` (`id_payment`, `id_phone`, `reg_date`, `cost`, `payment_status`, `payment_date`) VALUES (129, 1, '1979-02-24 00:14:54', 1316, 1, '1970-06-23 20:11:47');
INSERT INTO `payment` (`id_payment`, `id_phone`, `reg_date`, `cost`, `payment_status`, `payment_date`) VALUES (136, 1, '1998-04-24 19:54:46', 1663, 0, '1996-11-17 16:42:38');
INSERT INTO `payment` (`id_payment`, `id_phone`, `reg_date`, `cost`, `payment_status`, `payment_date`) VALUES (138, 1, '1987-06-28 00:58:32', 3634, 0, '2017-09-03 14:43:56');
INSERT INTO `payment` (`id_payment`, `id_phone`, `reg_date`, `cost`, `payment_status`, `payment_date`) VALUES (149, 1, '1986-01-28 13:24:55', 843, 1, '2001-07-11 11:20:42');
INSERT INTO `payment` (`id_payment`, `id_phone`, `reg_date`, `cost`, `payment_status`, `payment_date`) VALUES (152, 1, '1990-02-10 16:49:37', 3494, 1, '1976-09-25 09:44:40');
INSERT INTO `payment` (`id_payment`, `id_phone`, `reg_date`, `cost`, `payment_status`, `payment_date`) VALUES (154, 80, '1979-03-02 17:00:20', 3824, 0, '1989-08-26 10:49:30');
INSERT INTO `payment` (`id_payment`, `id_phone`, `reg_date`, `cost`, `payment_status`, `payment_date`) VALUES (156, 1, '1973-01-28 23:32:40', 976, 1, '1989-07-06 19:36:47');
INSERT INTO `payment` (`id_payment`, `id_phone`, `reg_date`, `cost`, `payment_status`, `payment_date`) VALUES (157, 52, '1972-02-29 03:01:38', 1693, 1, '1990-09-04 09:41:15');
INSERT INTO `payment` (`id_payment`, `id_phone`, `reg_date`, `cost`, `payment_status`, `payment_date`) VALUES (159, 14, '2006-03-15 11:51:57', 2198, 1, '2008-05-21 01:32:45');
INSERT INTO `payment` (`id_payment`, `id_phone`, `reg_date`, `cost`, `payment_status`, `payment_date`) VALUES (160, 1, '1972-05-24 18:21:30', 865, 1, '1981-08-12 22:05:33');
INSERT INTO `payment` (`id_payment`, `id_phone`, `reg_date`, `cost`, `payment_status`, `payment_date`) VALUES (162, 8, '1977-11-13 02:37:30', 1075, 0, '2017-10-08 00:52:47');
INSERT INTO `payment` (`id_payment`, `id_phone`, `reg_date`, `cost`, `payment_status`, `payment_date`) VALUES (164, 1, '2014-01-04 00:23:55', 2403, 1, '1985-01-12 01:12:32');
INSERT INTO `payment` (`id_payment`, `id_phone`, `reg_date`, `cost`, `payment_status`, `payment_date`) VALUES (165, 1, '1976-02-27 10:23:54', 4537, 0, '2004-11-10 13:22:20');
INSERT INTO `payment` (`id_payment`, `id_phone`, `reg_date`, `cost`, `payment_status`, `payment_date`) VALUES (170, 1, '1984-01-06 17:30:09', 3159, 0, '2003-08-01 10:27:44');
INSERT INTO `payment` (`id_payment`, `id_phone`, `reg_date`, `cost`, `payment_status`, `payment_date`) VALUES (172, 1, '1982-07-05 13:23:30', 685, 0, '2020-10-13 18:00:59');
INSERT INTO `payment` (`id_payment`, `id_phone`, `reg_date`, `cost`, `payment_status`, `payment_date`) VALUES (178, 1, '1998-12-24 06:26:46', 509, 0, '2009-01-14 23:05:26');
INSERT INTO `payment` (`id_payment`, `id_phone`, `reg_date`, `cost`, `payment_status`, `payment_date`) VALUES (181, 1, '2003-12-07 03:25:46', 4640, 1, '1999-08-15 15:34:39');
INSERT INTO `payment` (`id_payment`, `id_phone`, `reg_date`, `cost`, `payment_status`, `payment_date`) VALUES (182, 1, '1999-01-06 23:12:09', 3236, 1, '2014-07-31 06:25:52');
INSERT INTO `payment` (`id_payment`, `id_phone`, `reg_date`, `cost`, `payment_status`, `payment_date`) VALUES (184, 1, '2000-03-05 23:09:20', 4286, 0, '1980-06-06 04:34:05');
INSERT INTO `payment` (`id_payment`, `id_phone`, `reg_date`, `cost`, `payment_status`, `payment_date`) VALUES (186, 13, '2014-01-07 03:14:34', 4610, 1, '1999-10-30 04:05:01');
INSERT INTO `payment` (`id_payment`, `id_phone`, `reg_date`, `cost`, `payment_status`, `payment_date`) VALUES (199, 19, '2012-10-25 20:10:22', 4835, 0, '1980-01-16 15:48:37');
INSERT INTO `payment` (`id_payment`, `id_phone`, `reg_date`, `cost`, `payment_status`, `payment_date`) VALUES (200, 42, '1978-05-28 00:11:49', 1572, 0, '2010-07-09 03:28:11');

DELETE FROM service;

INSERT INTO `service` (`id_service`, `name`, `service_period`, `cost`) VALUES (1, 'delectus', '20:01:26', 2236);
INSERT INTO `service` (`id_service`, `name`, `service_period`, `cost`) VALUES (2, 'quo', '19:28:04', 3379);
INSERT INTO `service` (`id_service`, `name`, `service_period`, `cost`) VALUES (3, 'laudantium', '08:46:17', 2862);
INSERT INTO `service` (`id_service`, `name`, `service_period`, `cost`) VALUES (4, 'molestiae', '15:09:41', 3211);
INSERT INTO `service` (`id_service`, `name`, `service_period`, `cost`) VALUES (5, 'voluptatem', '06:57:05', 3459);
INSERT INTO `service` (`id_service`, `name`, `service_period`, `cost`) VALUES (6, 'eligendi', '06:55:10', 1723);
INSERT INTO `service` (`id_service`, `name`, `service_period`, `cost`) VALUES (7, 'id', '19:23:22', 4118);
INSERT INTO `service` (`id_service`, `name`, `service_period`, `cost`) VALUES (8, 'dicta', '23:32:28', 3248);
INSERT INTO `service` (`id_service`, `name`, `service_period`, `cost`) VALUES (9, 'quis', '08:48:56', 1737);
INSERT INTO `service` (`id_service`, `name`, `service_period`, `cost`) VALUES (10, 'vel', '15:02:18', 364);
INSERT INTO `service` (`id_service`, `name`, `service_period`, `cost`) VALUES (11, 'et', '23:08:34', 1871);
INSERT INTO `service` (`id_service`, `name`, `service_period`, `cost`) VALUES (12, 'ad', '20:10:41', 3081);
INSERT INTO `service` (`id_service`, `name`, `service_period`, `cost`) VALUES (13, 'tenetur', '03:50:28', 2863);
INSERT INTO `service` (`id_service`, `name`, `service_period`, `cost`) VALUES (14, 'quia', '01:37:48', 3607);
INSERT INTO `service` (`id_service`, `name`, `service_period`, `cost`) VALUES (15, 'amet', '02:21:37', 1859);
INSERT INTO `service` (`id_service`, `name`, `service_period`, `cost`) VALUES (16, 'odio', '05:46:15', 3765);
INSERT INTO `service` (`id_service`, `name`, `service_period`, `cost`) VALUES (17, 'non', '23:24:59', 1725);
INSERT INTO `service` (`id_service`, `name`, `service_period`, `cost`) VALUES (18, 'omnis', '18:11:45', 1705);
INSERT INTO `service` (`id_service`, `name`, `service_period`, `cost`) VALUES (19, 'labore', '06:31:48', 1432);
INSERT INTO `service` (`id_service`, `name`, `service_period`, `cost`) VALUES (20, 'enim', '00:26:44', 2952);
INSERT INTO `service` (`id_service`, `name`, `service_period`, `cost`) VALUES (21, 'itaque', '22:41:54', 3068);
INSERT INTO `service` (`id_service`, `name`, `service_period`, `cost`) VALUES (22, 'voluptates', '17:30:55', 892);
INSERT INTO `service` (`id_service`, `name`, `service_period`, `cost`) VALUES (23, 'dolorum', '16:31:43', 2969);
INSERT INTO `service` (`id_service`, `name`, `service_period`, `cost`) VALUES (24, 'accusantium', '05:35:24', 2041);
INSERT INTO `service` (`id_service`, `name`, `service_period`, `cost`) VALUES (25, 'necessitatibus', '16:29:14', 3552);
INSERT INTO `service` (`id_service`, `name`, `service_period`, `cost`) VALUES (26, 'reprehenderit', '08:30:57', 4578);
INSERT INTO `service` (`id_service`, `name`, `service_period`, `cost`) VALUES (27, 'similique', '17:48:47', 4519);
INSERT INTO `service` (`id_service`, `name`, `service_period`, `cost`) VALUES (28, 'in', '04:00:19', 1623);
INSERT INTO `service` (`id_service`, `name`, `service_period`, `cost`) VALUES (29, 'voluptas', '12:45:52', 2922);
INSERT INTO `service` (`id_service`, `name`, `service_period`, `cost`) VALUES (30, 'est', '08:21:01', 3632);
INSERT INTO `service` (`id_service`, `name`, `service_period`, `cost`) VALUES (31, 'nulla', '13:46:41', 879);
INSERT INTO `service` (`id_service`, `name`, `service_period`, `cost`) VALUES (32, 'minima', '10:28:00', 3397);
INSERT INTO `service` (`id_service`, `name`, `service_period`, `cost`) VALUES (33, 'mollitia', '14:19:47', 860);
INSERT INTO `service` (`id_service`, `name`, `service_period`, `cost`) VALUES (34, 'beatae', '11:46:34', 1415);
INSERT INTO `service` (`id_service`, `name`, `service_period`, `cost`) VALUES (35, 'quaerat', '14:07:24', 567);
INSERT INTO `service` (`id_service`, `name`, `service_period`, `cost`) VALUES (36, 'aut', '20:51:44', 4049);
INSERT INTO `service` (`id_service`, `name`, `service_period`, `cost`) VALUES (37, 'facilis', '01:44:41', 4834);
INSERT INTO `service` (`id_service`, `name`, `service_period`, `cost`) VALUES (38, 'sunt', '10:38:59', 3675);
INSERT INTO `service` (`id_service`, `name`, `service_period`, `cost`) VALUES (39, 'sit', '10:28:32', 3763);
INSERT INTO `service` (`id_service`, `name`, `service_period`, `cost`) VALUES (40, 'cupiditate', '10:32:06', 2849);
INSERT INTO `service` (`id_service`, `name`, `service_period`, `cost`) VALUES (41, 'ratione', '10:23:20', 3180);
INSERT INTO `service` (`id_service`, `name`, `service_period`, `cost`) VALUES (42, 'alias', '07:27:09', 871);
INSERT INTO `service` (`id_service`, `name`, `service_period`, `cost`) VALUES (43, 'hic', '23:10:08', 3735);
INSERT INTO `service` (`id_service`, `name`, `service_period`, `cost`) VALUES (44, 'harum', '17:58:17', 2845);
INSERT INTO `service` (`id_service`, `name`, `service_period`, `cost`) VALUES (45, 'deleniti', '17:04:21', 3225);
INSERT INTO `service` (`id_service`, `name`, `service_period`, `cost`) VALUES (46, 'optio', '16:59:19', 2244);
INSERT INTO `service` (`id_service`, `name`, `service_period`, `cost`) VALUES (47, 'qui', '23:15:30', 2888);
INSERT INTO `service` (`id_service`, `name`, `service_period`, `cost`) VALUES (48, 'consectetur', '01:38:33', 3521);
INSERT INTO `service` (`id_service`, `name`, `service_period`, `cost`) VALUES (49, 'praesentium', '13:22:41', 1151);
INSERT INTO `service` (`id_service`, `name`, `service_period`, `cost`) VALUES (50, 'tempore', '03:26:46', 4720);
INSERT INTO `service` (`id_service`, `name`, `service_period`, `cost`) VALUES (51, 'cum', '13:05:05', 4728);
INSERT INTO `service` (`id_service`, `name`, `service_period`, `cost`) VALUES (52, 'quos', '18:55:13', 3658);
INSERT INTO `service` (`id_service`, `name`, `service_period`, `cost`) VALUES (53, 'sed', '07:03:30', 1203);
INSERT INTO `service` (`id_service`, `name`, `service_period`, `cost`) VALUES (54, 'aliquam', '00:39:09', 2355);
INSERT INTO `service` (`id_service`, `name`, `service_period`, `cost`) VALUES (55, 'sequi', '08:16:38', 4041);
INSERT INTO `service` (`id_service`, `name`, `service_period`, `cost`) VALUES (56, 'ipsam', '05:46:23', 4664);
INSERT INTO `service` (`id_service`, `name`, `service_period`, `cost`) VALUES (57, 'libero', '02:56:43', 194);
INSERT INTO `service` (`id_service`, `name`, `service_period`, `cost`) VALUES (58, 'esse', '12:38:47', 2105);
INSERT INTO `service` (`id_service`, `name`, `service_period`, `cost`) VALUES (59, 'veniam', '11:39:29', 3417);
INSERT INTO `service` (`id_service`, `name`, `service_period`, `cost`) VALUES (60, 'soluta', '03:58:35', 1804);
INSERT INTO `service` (`id_service`, `name`, `service_period`, `cost`) VALUES (61, 'facere', '13:43:05', 2394);
INSERT INTO `service` (`id_service`, `name`, `service_period`, `cost`) VALUES (62, 'nostrum', '00:47:11', 3380);
INSERT INTO `service` (`id_service`, `name`, `service_period`, `cost`) VALUES (63, 'dolores', '23:58:05', 410);
INSERT INTO `service` (`id_service`, `name`, `service_period`, `cost`) VALUES (64, 'rem', '08:17:35', 4029);
INSERT INTO `service` (`id_service`, `name`, `service_period`, `cost`) VALUES (65, 'quam', '18:48:44', 3787);
INSERT INTO `service` (`id_service`, `name`, `service_period`, `cost`) VALUES (66, 'nihil', '16:58:07', 4992);
INSERT INTO `service` (`id_service`, `name`, `service_period`, `cost`) VALUES (67, 'ea', '08:45:59', 828);
INSERT INTO `service` (`id_service`, `name`, `service_period`, `cost`) VALUES (68, 'autem', '11:54:59', 3891);
INSERT INTO `service` (`id_service`, `name`, `service_period`, `cost`) VALUES (69, 'quasi', '14:58:54', 4377);
INSERT INTO `service` (`id_service`, `name`, `service_period`, `cost`) VALUES (70, 'eum', '13:33:32', 1695);
INSERT INTO `service` (`id_service`, `name`, `service_period`, `cost`) VALUES (71, 'corporis', '04:53:13', 422);
INSERT INTO `service` (`id_service`, `name`, `service_period`, `cost`) VALUES (72, 'dignissimos', '23:54:11', 375);
INSERT INTO `service` (`id_service`, `name`, `service_period`, `cost`) VALUES (73, 'unde', '01:04:20', 4787);
INSERT INTO `service` (`id_service`, `name`, `service_period`, `cost`) VALUES (74, 'dolorem', '09:27:28', 1569);
INSERT INTO `service` (`id_service`, `name`, `service_period`, `cost`) VALUES (75, 'laborum', '01:33:24', 1839);
INSERT INTO `service` (`id_service`, `name`, `service_period`, `cost`) VALUES (76, 'a', '00:00:37', 4931);
INSERT INTO `service` (`id_service`, `name`, `service_period`, `cost`) VALUES (77, 'porro', '17:01:09', 1440);
INSERT INTO `service` (`id_service`, `name`, `service_period`, `cost`) VALUES (78, 'ducimus', '22:51:59', 1748);
INSERT INTO `service` (`id_service`, `name`, `service_period`, `cost`) VALUES (79, 'temporibus', '03:48:22', 3003);
INSERT INTO `service` (`id_service`, `name`, `service_period`, `cost`) VALUES (80, 'ipsum', '05:10:52', 3649);
INSERT INTO `service` (`id_service`, `name`, `service_period`, `cost`) VALUES (81, 'eveniet', '05:28:27', 4518);
INSERT INTO `service` (`id_service`, `name`, `service_period`, `cost`) VALUES (82, 'nobis', '01:10:55', 4710);
INSERT INTO `service` (`id_service`, `name`, `service_period`, `cost`) VALUES (83, 'quod', '16:49:56', 2318);
INSERT INTO `service` (`id_service`, `name`, `service_period`, `cost`) VALUES (84, 'quae', '03:52:53', 579);
INSERT INTO `service` (`id_service`, `name`, `service_period`, `cost`) VALUES (85, 'consequatur', '08:50:38', 2269);
INSERT INTO `service` (`id_service`, `name`, `service_period`, `cost`) VALUES (86, 'rerum', '00:49:47', 1779);
INSERT INTO `service` (`id_service`, `name`, `service_period`, `cost`) VALUES (87, 'corrupti', '06:45:49', 564);
INSERT INTO `service` (`id_service`, `name`, `service_period`, `cost`) VALUES (88, 'velit', '08:01:10', 4395);
INSERT INTO `service` (`id_service`, `name`, `service_period`, `cost`) VALUES (89, 'perspiciatis', '00:57:29', 718);
INSERT INTO `service` (`id_service`, `name`, `service_period`, `cost`) VALUES (90, 'iusto', '02:20:06', 988);
INSERT INTO `service` (`id_service`, `name`, `service_period`, `cost`) VALUES (91, 'ab', '14:11:15', 1961);
INSERT INTO `service` (`id_service`, `name`, `service_period`, `cost`) VALUES (92, 'ut', '16:51:03', 4752);
INSERT INTO `service` (`id_service`, `name`, `service_period`, `cost`) VALUES (93, 'architecto', '07:54:57', 2331);
INSERT INTO `service` (`id_service`, `name`, `service_period`, `cost`) VALUES (94, 'voluptatibus', '06:18:40', 3707);
INSERT INTO `service` (`id_service`, `name`, `service_period`, `cost`) VALUES (95, 'quisquam', '14:04:51', 2190);
INSERT INTO `service` (`id_service`, `name`, `service_period`, `cost`) VALUES (96, 'repudiandae', '05:01:09', 1664);
INSERT INTO `service` (`id_service`, `name`, `service_period`, `cost`) VALUES (97, 'officiis', '20:24:50', 2126);
INSERT INTO `service` (`id_service`, `name`, `service_period`, `cost`) VALUES (98, 'dolor', '02:34:56', 156);
INSERT INTO `service` (`id_service`, `name`, `service_period`, `cost`) VALUES (99, 'odit', '14:19:35', 2143);
INSERT INTO `service` (`id_service`, `name`, `service_period`, `cost`) VALUES (100, 'doloremque', '13:42:46', 4423);

DELETE FROM phone_has_service;

INSERT INTO `phone_has_service` (`id_service`, `id_phone`, `reg_date`) VALUES (1, 4, '1999-03-20 17:51:01');
INSERT INTO `phone_has_service` (`id_service`, `id_phone`, `reg_date`) VALUES (2, 43, '1975-10-24 09:30:37');
INSERT INTO `phone_has_service` (`id_service`, `id_phone`, `reg_date`) VALUES (3, 70, '1986-11-25 07:16:19');
INSERT INTO `phone_has_service` (`id_service`, `id_phone`, `reg_date`) VALUES (4, 74, '2014-06-07 04:59:45');
INSERT INTO `phone_has_service` (`id_service`, `id_phone`, `reg_date`) VALUES (5, 31, '2022-01-10 22:40:11');
INSERT INTO `phone_has_service` (`id_service`, `id_phone`, `reg_date`) VALUES (5, 48, '2007-12-14 03:32:51');
INSERT INTO `phone_has_service` (`id_service`, `id_phone`, `reg_date`) VALUES (6, 44, '1998-08-03 11:22:31');
INSERT INTO `phone_has_service` (`id_service`, `id_phone`, `reg_date`) VALUES (8, 19, '2004-02-14 06:25:13');
INSERT INTO `phone_has_service` (`id_service`, `id_phone`, `reg_date`) VALUES (10, 87, '1972-10-15 02:02:32');
INSERT INTO `phone_has_service` (`id_service`, `id_phone`, `reg_date`) VALUES (11, 76, '1974-10-02 23:29:50');
INSERT INTO `phone_has_service` (`id_service`, `id_phone`, `reg_date`) VALUES (13, 44, '1984-05-26 12:36:43');
INSERT INTO `phone_has_service` (`id_service`, `id_phone`, `reg_date`) VALUES (15, 26, '1976-05-23 13:55:13');
INSERT INTO `phone_has_service` (`id_service`, `id_phone`, `reg_date`) VALUES (17, 17, '1975-06-12 13:32:12');
INSERT INTO `phone_has_service` (`id_service`, `id_phone`, `reg_date`) VALUES (18, 29, '2007-04-06 16:49:52');
INSERT INTO `phone_has_service` (`id_service`, `id_phone`, `reg_date`) VALUES (20, 41, '2021-06-13 08:54:42');
INSERT INTO `phone_has_service` (`id_service`, `id_phone`, `reg_date`) VALUES (21, 44, '2020-01-20 20:25:31');
INSERT INTO `phone_has_service` (`id_service`, `id_phone`, `reg_date`) VALUES (21, 65, '2012-07-02 18:36:49');
INSERT INTO `phone_has_service` (`id_service`, `id_phone`, `reg_date`) VALUES (21, 83, '1988-07-02 00:28:18');
INSERT INTO `phone_has_service` (`id_service`, `id_phone`, `reg_date`) VALUES (22, 88, '1987-07-19 21:07:43');
INSERT INTO `phone_has_service` (`id_service`, `id_phone`, `reg_date`) VALUES (22, 95, '2013-01-12 02:01:05');
INSERT INTO `phone_has_service` (`id_service`, `id_phone`, `reg_date`) VALUES (23, 94, '1986-10-31 06:26:27');
INSERT INTO `phone_has_service` (`id_service`, `id_phone`, `reg_date`) VALUES (24, 28, '2011-09-20 05:02:26');
INSERT INTO `phone_has_service` (`id_service`, `id_phone`, `reg_date`) VALUES (26, 8, '1977-10-18 14:46:13');
INSERT INTO `phone_has_service` (`id_service`, `id_phone`, `reg_date`) VALUES (27, 54, '1996-06-08 19:23:04');
INSERT INTO `phone_has_service` (`id_service`, `id_phone`, `reg_date`) VALUES (28, 56, '1991-03-03 14:11:31');
INSERT INTO `phone_has_service` (`id_service`, `id_phone`, `reg_date`) VALUES (29, 14, '2015-01-06 22:10:25');
INSERT INTO `phone_has_service` (`id_service`, `id_phone`, `reg_date`) VALUES (29, 83, '2002-06-08 07:51:26');
INSERT INTO `phone_has_service` (`id_service`, `id_phone`, `reg_date`) VALUES (30, 17, '2007-02-19 07:56:10');
INSERT INTO `phone_has_service` (`id_service`, `id_phone`, `reg_date`) VALUES (30, 22, '1989-01-29 08:27:17');
INSERT INTO `phone_has_service` (`id_service`, `id_phone`, `reg_date`) VALUES (30, 27, '1975-02-04 22:48:29');
INSERT INTO `phone_has_service` (`id_service`, `id_phone`, `reg_date`) VALUES (30, 63, '1994-08-23 18:43:31');
INSERT INTO `phone_has_service` (`id_service`, `id_phone`, `reg_date`) VALUES (31, 58, '2019-11-01 18:48:27');
INSERT INTO `phone_has_service` (`id_service`, `id_phone`, `reg_date`) VALUES (33, 82, '2013-07-08 00:30:04');
INSERT INTO `phone_has_service` (`id_service`, `id_phone`, `reg_date`) VALUES (34, 29, '2011-05-14 23:17:04');
INSERT INTO `phone_has_service` (`id_service`, `id_phone`, `reg_date`) VALUES (35, 13, '2005-11-07 06:33:37');
INSERT INTO `phone_has_service` (`id_service`, `id_phone`, `reg_date`) VALUES (37, 46, '1994-12-22 13:44:32');
INSERT INTO `phone_has_service` (`id_service`, `id_phone`, `reg_date`) VALUES (38, 72, '2009-07-04 00:51:08');
INSERT INTO `phone_has_service` (`id_service`, `id_phone`, `reg_date`) VALUES (41, 81, '1984-04-16 21:12:27');
INSERT INTO `phone_has_service` (`id_service`, `id_phone`, `reg_date`) VALUES (42, 6, '2009-01-18 05:57:57');
INSERT INTO `phone_has_service` (`id_service`, `id_phone`, `reg_date`) VALUES (43, 24, '2015-01-17 10:12:59');
INSERT INTO `phone_has_service` (`id_service`, `id_phone`, `reg_date`) VALUES (43, 26, '2010-05-23 14:35:06');
INSERT INTO `phone_has_service` (`id_service`, `id_phone`, `reg_date`) VALUES (43, 43, '1972-05-05 02:28:54');
INSERT INTO `phone_has_service` (`id_service`, `id_phone`, `reg_date`) VALUES (43, 76, '1990-08-26 04:32:49');
INSERT INTO `phone_has_service` (`id_service`, `id_phone`, `reg_date`) VALUES (48, 25, '1975-06-17 15:25:17');
INSERT INTO `phone_has_service` (`id_service`, `id_phone`, `reg_date`) VALUES (48, 41, '1976-08-25 19:22:34');
INSERT INTO `phone_has_service` (`id_service`, `id_phone`, `reg_date`) VALUES (50, 42, '2002-08-28 06:42:26');
INSERT INTO `phone_has_service` (`id_service`, `id_phone`, `reg_date`) VALUES (50, 57, '1983-03-10 10:45:48');
INSERT INTO `phone_has_service` (`id_service`, `id_phone`, `reg_date`) VALUES (50, 96, '1985-05-16 15:03:59');
INSERT INTO `phone_has_service` (`id_service`, `id_phone`, `reg_date`) VALUES (52, 3, '1989-09-13 03:41:47');
INSERT INTO `phone_has_service` (`id_service`, `id_phone`, `reg_date`) VALUES (52, 15, '2005-12-05 16:18:44');
INSERT INTO `phone_has_service` (`id_service`, `id_phone`, `reg_date`) VALUES (52, 47, '1978-02-03 00:57:50');
INSERT INTO `phone_has_service` (`id_service`, `id_phone`, `reg_date`) VALUES (53, 42, '2001-06-22 15:55:07');
INSERT INTO `phone_has_service` (`id_service`, `id_phone`, `reg_date`) VALUES (56, 61, '1998-09-17 15:48:32');
INSERT INTO `phone_has_service` (`id_service`, `id_phone`, `reg_date`) VALUES (57, 52, '1997-08-13 20:57:47');
INSERT INTO `phone_has_service` (`id_service`, `id_phone`, `reg_date`) VALUES (58, 13, '1985-06-25 13:53:55');
INSERT INTO `phone_has_service` (`id_service`, `id_phone`, `reg_date`) VALUES (58, 21, '1975-08-02 14:45:49');
INSERT INTO `phone_has_service` (`id_service`, `id_phone`, `reg_date`) VALUES (58, 47, '2003-06-09 03:42:16');
INSERT INTO `phone_has_service` (`id_service`, `id_phone`, `reg_date`) VALUES (58, 64, '2011-02-05 01:31:25');
INSERT INTO `phone_has_service` (`id_service`, `id_phone`, `reg_date`) VALUES (60, 11, '2003-12-06 14:24:53');
INSERT INTO `phone_has_service` (`id_service`, `id_phone`, `reg_date`) VALUES (60, 43, '1986-05-27 02:33:02');
INSERT INTO `phone_has_service` (`id_service`, `id_phone`, `reg_date`) VALUES (62, 36, '2015-11-15 04:03:33');
INSERT INTO `phone_has_service` (`id_service`, `id_phone`, `reg_date`) VALUES (62, 52, '1982-01-09 13:27:40');
INSERT INTO `phone_has_service` (`id_service`, `id_phone`, `reg_date`) VALUES (62, 75, '1996-10-26 23:36:25');
INSERT INTO `phone_has_service` (`id_service`, `id_phone`, `reg_date`) VALUES (62, 100, '2017-04-28 07:01:36');
INSERT INTO `phone_has_service` (`id_service`, `id_phone`, `reg_date`) VALUES (65, 83, '1974-01-26 18:46:07');
INSERT INTO `phone_has_service` (`id_service`, `id_phone`, `reg_date`) VALUES (66, 59, '1998-05-12 10:39:06');
INSERT INTO `phone_has_service` (`id_service`, `id_phone`, `reg_date`) VALUES (67, 4, '1973-05-01 16:10:35');
INSERT INTO `phone_has_service` (`id_service`, `id_phone`, `reg_date`) VALUES (67, 70, '2010-04-09 13:42:46');
INSERT INTO `phone_has_service` (`id_service`, `id_phone`, `reg_date`) VALUES (71, 78, '1974-08-04 12:17:21');
INSERT INTO `phone_has_service` (`id_service`, `id_phone`, `reg_date`) VALUES (71, 81, '1972-11-05 18:54:20');
INSERT INTO `phone_has_service` (`id_service`, `id_phone`, `reg_date`) VALUES (71, 94, '1995-04-26 13:48:01');
INSERT INTO `phone_has_service` (`id_service`, `id_phone`, `reg_date`) VALUES (72, 43, '1975-12-08 02:05:18');
INSERT INTO `phone_has_service` (`id_service`, `id_phone`, `reg_date`) VALUES (72, 94, '1991-02-18 01:29:02');
INSERT INTO `phone_has_service` (`id_service`, `id_phone`, `reg_date`) VALUES (73, 9, '1992-07-21 18:25:15');
INSERT INTO `phone_has_service` (`id_service`, `id_phone`, `reg_date`) VALUES (74, 54, '2019-01-16 05:19:37');
INSERT INTO `phone_has_service` (`id_service`, `id_phone`, `reg_date`) VALUES (76, 59, '2002-05-17 10:37:07');
INSERT INTO `phone_has_service` (`id_service`, `id_phone`, `reg_date`) VALUES (78, 19, '2001-02-05 20:41:12');
INSERT INTO `phone_has_service` (`id_service`, `id_phone`, `reg_date`) VALUES (78, 72, '1981-02-19 17:25:57');
INSERT INTO `phone_has_service` (`id_service`, `id_phone`, `reg_date`) VALUES (79, 45, '2010-11-15 08:58:10');
INSERT INTO `phone_has_service` (`id_service`, `id_phone`, `reg_date`) VALUES (80, 11, '1987-07-26 23:18:36');
INSERT INTO `phone_has_service` (`id_service`, `id_phone`, `reg_date`) VALUES (82, 82, '2010-06-13 09:59:09');
INSERT INTO `phone_has_service` (`id_service`, `id_phone`, `reg_date`) VALUES (84, 37, '2021-09-02 09:16:48');
INSERT INTO `phone_has_service` (`id_service`, `id_phone`, `reg_date`) VALUES (84, 46, '2014-08-02 02:37:49');
INSERT INTO `phone_has_service` (`id_service`, `id_phone`, `reg_date`) VALUES (85, 21, '1970-01-09 09:54:55');
INSERT INTO `phone_has_service` (`id_service`, `id_phone`, `reg_date`) VALUES (85, 55, '1970-06-05 20:01:19');
INSERT INTO `phone_has_service` (`id_service`, `id_phone`, `reg_date`) VALUES (85, 74, '2014-07-04 10:35:00');
INSERT INTO `phone_has_service` (`id_service`, `id_phone`, `reg_date`) VALUES (86, 75, '2000-03-28 09:05:59');
INSERT INTO `phone_has_service` (`id_service`, `id_phone`, `reg_date`) VALUES (87, 56, '1978-12-03 20:24:19');
INSERT INTO `phone_has_service` (`id_service`, `id_phone`, `reg_date`) VALUES (87, 59, '1989-05-28 04:25:06');
INSERT INTO `phone_has_service` (`id_service`, `id_phone`, `reg_date`) VALUES (88, 70, '1971-10-15 00:06:47');
INSERT INTO `phone_has_service` (`id_service`, `id_phone`, `reg_date`) VALUES (89, 23, '1991-01-24 14:24:21');
INSERT INTO `phone_has_service` (`id_service`, `id_phone`, `reg_date`) VALUES (90, 21, '1996-12-13 16:02:55');
INSERT INTO `phone_has_service` (`id_service`, `id_phone`, `reg_date`) VALUES (90, 70, '1974-12-05 04:24:15');
INSERT INTO `phone_has_service` (`id_service`, `id_phone`, `reg_date`) VALUES (91, 100, '2013-07-26 00:23:30');
INSERT INTO `phone_has_service` (`id_service`, `id_phone`, `reg_date`) VALUES (93, 45, '2017-02-02 11:20:21');
INSERT INTO `phone_has_service` (`id_service`, `id_phone`, `reg_date`) VALUES (94, 53, '2016-09-02 15:49:43');
INSERT INTO `phone_has_service` (`id_service`, `id_phone`, `reg_date`) VALUES (94, 81, '1974-11-21 17:30:47');
INSERT INTO `phone_has_service` (`id_service`, `id_phone`, `reg_date`) VALUES (95, 88, '2001-12-17 15:03:23');
INSERT INTO `phone_has_service` (`id_service`, `id_phone`, `reg_date`) VALUES (98, 98, '1975-08-29 12:17:58');
INSERT INTO `phone_has_service` (`id_service`, `id_phone`, `reg_date`) VALUES (100, 5, '1995-09-29 03:02:03');

DELETE FROM phone_has_tariff;

INSERT INTO `phone_has_tariff` (`id_phone`, `id_tariff`, `reg_date`) VALUES (2, 50, '1977-12-29 09:38:03');
INSERT INTO `phone_has_tariff` (`id_phone`, `id_tariff`, `reg_date`) VALUES (7, 57, '2016-02-21 02:27:23');
INSERT INTO `phone_has_tariff` (`id_phone`, `id_tariff`, `reg_date`) VALUES (7, 58, '2005-07-22 16:18:28');
INSERT INTO `phone_has_tariff` (`id_phone`, `id_tariff`, `reg_date`) VALUES (8, 24, '2014-10-28 17:45:15');
INSERT INTO `phone_has_tariff` (`id_phone`, `id_tariff`, `reg_date`) VALUES (8, 87, '1988-06-21 21:44:00');
INSERT INTO `phone_has_tariff` (`id_phone`, `id_tariff`, `reg_date`) VALUES (9, 17, '1970-12-20 05:04:20');
INSERT INTO `phone_has_tariff` (`id_phone`, `id_tariff`, `reg_date`) VALUES (12, 93, '2012-11-19 21:58:42');
INSERT INTO `phone_has_tariff` (`id_phone`, `id_tariff`, `reg_date`) VALUES (12, 100, '1979-11-24 02:36:29');
INSERT INTO `phone_has_tariff` (`id_phone`, `id_tariff`, `reg_date`) VALUES (14, 75, '2017-01-21 17:07:11');
INSERT INTO `phone_has_tariff` (`id_phone`, `id_tariff`, `reg_date`) VALUES (15, 69, '2009-05-05 11:07:04');
INSERT INTO `phone_has_tariff` (`id_phone`, `id_tariff`, `reg_date`) VALUES (15, 91, '1971-09-18 17:12:48');
INSERT INTO `phone_has_tariff` (`id_phone`, `id_tariff`, `reg_date`) VALUES (16, 15, '2007-04-23 09:25:43');
INSERT INTO `phone_has_tariff` (`id_phone`, `id_tariff`, `reg_date`) VALUES (17, 52, '1988-01-08 11:17:29');
INSERT INTO `phone_has_tariff` (`id_phone`, `id_tariff`, `reg_date`) VALUES (17, 76, '2016-04-12 20:42:39');
INSERT INTO `phone_has_tariff` (`id_phone`, `id_tariff`, `reg_date`) VALUES (18, 23, '1974-06-27 18:08:42');
INSERT INTO `phone_has_tariff` (`id_phone`, `id_tariff`, `reg_date`) VALUES (19, 89, '1974-12-06 15:50:46');
INSERT INTO `phone_has_tariff` (`id_phone`, `id_tariff`, `reg_date`) VALUES (20, 11, '1987-08-23 05:43:25');
INSERT INTO `phone_has_tariff` (`id_phone`, `id_tariff`, `reg_date`) VALUES (20, 42, '2015-03-21 22:51:26');
INSERT INTO `phone_has_tariff` (`id_phone`, `id_tariff`, `reg_date`) VALUES (22, 17, '1980-02-20 12:51:59');
INSERT INTO `phone_has_tariff` (`id_phone`, `id_tariff`, `reg_date`) VALUES (22, 21, '2001-05-03 12:44:34');
INSERT INTO `phone_has_tariff` (`id_phone`, `id_tariff`, `reg_date`) VALUES (22, 45, '1984-07-03 20:26:38');
INSERT INTO `phone_has_tariff` (`id_phone`, `id_tariff`, `reg_date`) VALUES (24, 29, '2017-04-04 00:09:19');
INSERT INTO `phone_has_tariff` (`id_phone`, `id_tariff`, `reg_date`) VALUES (24, 82, '1984-12-25 22:21:21');
INSERT INTO `phone_has_tariff` (`id_phone`, `id_tariff`, `reg_date`) VALUES (25, 71, '2017-05-06 14:59:00');
INSERT INTO `phone_has_tariff` (`id_phone`, `id_tariff`, `reg_date`) VALUES (26, 77, '2010-10-30 02:23:06');
INSERT INTO `phone_has_tariff` (`id_phone`, `id_tariff`, `reg_date`) VALUES (27, 88, '2011-01-17 01:35:38');
INSERT INTO `phone_has_tariff` (`id_phone`, `id_tariff`, `reg_date`) VALUES (30, 34, '2008-02-22 18:01:43');
INSERT INTO `phone_has_tariff` (`id_phone`, `id_tariff`, `reg_date`) VALUES (33, 3, '1980-03-28 11:14:50');
INSERT INTO `phone_has_tariff` (`id_phone`, `id_tariff`, `reg_date`) VALUES (34, 77, '2011-06-09 14:04:45');
INSERT INTO `phone_has_tariff` (`id_phone`, `id_tariff`, `reg_date`) VALUES (35, 1, '1985-06-09 07:21:11');
INSERT INTO `phone_has_tariff` (`id_phone`, `id_tariff`, `reg_date`) VALUES (35, 43, '1994-10-29 04:10:07');
INSERT INTO `phone_has_tariff` (`id_phone`, `id_tariff`, `reg_date`) VALUES (35, 81, '1989-05-25 21:47:03');
INSERT INTO `phone_has_tariff` (`id_phone`, `id_tariff`, `reg_date`) VALUES (36, 16, '2005-04-02 01:17:05');
INSERT INTO `phone_has_tariff` (`id_phone`, `id_tariff`, `reg_date`) VALUES (36, 74, '1971-03-16 21:50:41');
INSERT INTO `phone_has_tariff` (`id_phone`, `id_tariff`, `reg_date`) VALUES (37, 94, '1995-07-06 11:35:16');
INSERT INTO `phone_has_tariff` (`id_phone`, `id_tariff`, `reg_date`) VALUES (37, 99, '2020-11-17 13:00:04');
INSERT INTO `phone_has_tariff` (`id_phone`, `id_tariff`, `reg_date`) VALUES (38, 80, '2001-02-25 23:58:51');
INSERT INTO `phone_has_tariff` (`id_phone`, `id_tariff`, `reg_date`) VALUES (39, 76, '1994-10-09 16:55:06');
INSERT INTO `phone_has_tariff` (`id_phone`, `id_tariff`, `reg_date`) VALUES (40, 15, '2002-02-21 07:32:44');
INSERT INTO `phone_has_tariff` (`id_phone`, `id_tariff`, `reg_date`) VALUES (40, 32, '1999-08-24 02:29:06');
INSERT INTO `phone_has_tariff` (`id_phone`, `id_tariff`, `reg_date`) VALUES (40, 57, '1988-02-10 01:29:34');
INSERT INTO `phone_has_tariff` (`id_phone`, `id_tariff`, `reg_date`) VALUES (40, 94, '1980-03-16 07:39:08');
INSERT INTO `phone_has_tariff` (`id_phone`, `id_tariff`, `reg_date`) VALUES (41, 10, '2006-10-30 15:32:46');
INSERT INTO `phone_has_tariff` (`id_phone`, `id_tariff`, `reg_date`) VALUES (41, 48, '1981-01-27 15:42:58');
INSERT INTO `phone_has_tariff` (`id_phone`, `id_tariff`, `reg_date`) VALUES (45, 77, '1972-07-09 16:18:05');
INSERT INTO `phone_has_tariff` (`id_phone`, `id_tariff`, `reg_date`) VALUES (46, 44, '1993-01-04 00:19:58');
INSERT INTO `phone_has_tariff` (`id_phone`, `id_tariff`, `reg_date`) VALUES (46, 51, '1982-01-02 04:41:14');
INSERT INTO `phone_has_tariff` (`id_phone`, `id_tariff`, `reg_date`) VALUES (46, 63, '1975-04-15 10:02:41');
INSERT INTO `phone_has_tariff` (`id_phone`, `id_tariff`, `reg_date`) VALUES (46, 99, '2007-08-05 07:50:59');
INSERT INTO `phone_has_tariff` (`id_phone`, `id_tariff`, `reg_date`) VALUES (48, 53, '1975-04-26 04:57:46');
INSERT INTO `phone_has_tariff` (`id_phone`, `id_tariff`, `reg_date`) VALUES (49, 32, '1988-01-26 18:53:47');
INSERT INTO `phone_has_tariff` (`id_phone`, `id_tariff`, `reg_date`) VALUES (49, 66, '1986-04-16 10:36:31');
INSERT INTO `phone_has_tariff` (`id_phone`, `id_tariff`, `reg_date`) VALUES (50, 19, '1995-03-18 08:17:10');
INSERT INTO `phone_has_tariff` (`id_phone`, `id_tariff`, `reg_date`) VALUES (51, 1, '1976-06-23 18:56:12');
INSERT INTO `phone_has_tariff` (`id_phone`, `id_tariff`, `reg_date`) VALUES (51, 85, '1979-10-31 07:12:51');
INSERT INTO `phone_has_tariff` (`id_phone`, `id_tariff`, `reg_date`) VALUES (51, 89, '1981-05-22 03:13:07');
INSERT INTO `phone_has_tariff` (`id_phone`, `id_tariff`, `reg_date`) VALUES (52, 10, '2018-09-07 12:31:25');
INSERT INTO `phone_has_tariff` (`id_phone`, `id_tariff`, `reg_date`) VALUES (52, 13, '1996-07-29 02:25:41');
INSERT INTO `phone_has_tariff` (`id_phone`, `id_tariff`, `reg_date`) VALUES (53, 68, '2007-04-07 13:46:13');
INSERT INTO `phone_has_tariff` (`id_phone`, `id_tariff`, `reg_date`) VALUES (54, 60, '2000-03-14 04:03:25');
INSERT INTO `phone_has_tariff` (`id_phone`, `id_tariff`, `reg_date`) VALUES (55, 62, '2005-06-26 15:11:45');
INSERT INTO `phone_has_tariff` (`id_phone`, `id_tariff`, `reg_date`) VALUES (57, 1, '1991-07-23 04:31:35');
INSERT INTO `phone_has_tariff` (`id_phone`, `id_tariff`, `reg_date`) VALUES (57, 92, '1993-05-11 16:46:08');
INSERT INTO `phone_has_tariff` (`id_phone`, `id_tariff`, `reg_date`) VALUES (58, 27, '2007-08-02 19:30:40');
INSERT INTO `phone_has_tariff` (`id_phone`, `id_tariff`, `reg_date`) VALUES (58, 47, '2012-12-02 03:09:38');
INSERT INTO `phone_has_tariff` (`id_phone`, `id_tariff`, `reg_date`) VALUES (60, 90, '2012-06-28 12:34:10');
INSERT INTO `phone_has_tariff` (`id_phone`, `id_tariff`, `reg_date`) VALUES (61, 36, '1974-06-06 07:29:44');
INSERT INTO `phone_has_tariff` (`id_phone`, `id_tariff`, `reg_date`) VALUES (62, 95, '1971-11-12 11:48:50');
INSERT INTO `phone_has_tariff` (`id_phone`, `id_tariff`, `reg_date`) VALUES (64, 13, '2006-06-18 15:41:26');
INSERT INTO `phone_has_tariff` (`id_phone`, `id_tariff`, `reg_date`) VALUES (64, 31, '1977-04-12 21:21:18');
INSERT INTO `phone_has_tariff` (`id_phone`, `id_tariff`, `reg_date`) VALUES (65, 5, '1993-11-26 13:52:57');
INSERT INTO `phone_has_tariff` (`id_phone`, `id_tariff`, `reg_date`) VALUES (66, 20, '2018-03-12 23:28:00');
INSERT INTO `phone_has_tariff` (`id_phone`, `id_tariff`, `reg_date`) VALUES (66, 31, '2004-02-10 02:37:54');
INSERT INTO `phone_has_tariff` (`id_phone`, `id_tariff`, `reg_date`) VALUES (66, 82, '1980-10-14 11:55:23');
INSERT INTO `phone_has_tariff` (`id_phone`, `id_tariff`, `reg_date`) VALUES (67, 56, '1991-06-06 13:30:06');
INSERT INTO `phone_has_tariff` (`id_phone`, `id_tariff`, `reg_date`) VALUES (67, 62, '2006-11-27 01:08:39');
INSERT INTO `phone_has_tariff` (`id_phone`, `id_tariff`, `reg_date`) VALUES (68, 67, '2016-05-05 23:00:35');
INSERT INTO `phone_has_tariff` (`id_phone`, `id_tariff`, `reg_date`) VALUES (71, 40, '1994-07-08 13:42:09');
INSERT INTO `phone_has_tariff` (`id_phone`, `id_tariff`, `reg_date`) VALUES (72, 74, '1999-04-22 19:43:52');
INSERT INTO `phone_has_tariff` (`id_phone`, `id_tariff`, `reg_date`) VALUES (73, 72, '1999-09-23 18:15:32');
INSERT INTO `phone_has_tariff` (`id_phone`, `id_tariff`, `reg_date`) VALUES (74, 46, '2010-09-22 16:47:41');
INSERT INTO `phone_has_tariff` (`id_phone`, `id_tariff`, `reg_date`) VALUES (75, 82, '1994-08-08 12:21:36');
INSERT INTO `phone_has_tariff` (`id_phone`, `id_tariff`, `reg_date`) VALUES (79, 10, '1990-03-14 13:53:50');
INSERT INTO `phone_has_tariff` (`id_phone`, `id_tariff`, `reg_date`) VALUES (80, 61, '2020-11-09 22:43:51');
INSERT INTO `phone_has_tariff` (`id_phone`, `id_tariff`, `reg_date`) VALUES (80, 95, '2000-07-09 09:34:51');
INSERT INTO `phone_has_tariff` (`id_phone`, `id_tariff`, `reg_date`) VALUES (81, 99, '2013-06-15 18:58:32');
INSERT INTO `phone_has_tariff` (`id_phone`, `id_tariff`, `reg_date`) VALUES (82, 45, '1975-05-22 00:06:40');
INSERT INTO `phone_has_tariff` (`id_phone`, `id_tariff`, `reg_date`) VALUES (83, 18, '2013-10-18 19:33:56');
INSERT INTO `phone_has_tariff` (`id_phone`, `id_tariff`, `reg_date`) VALUES (84, 77, '1983-02-25 11:59:06');
INSERT INTO `phone_has_tariff` (`id_phone`, `id_tariff`, `reg_date`) VALUES (89, 34, '2013-05-12 08:34:57');
INSERT INTO `phone_has_tariff` (`id_phone`, `id_tariff`, `reg_date`) VALUES (89, 57, '1997-11-17 19:46:42');
INSERT INTO `phone_has_tariff` (`id_phone`, `id_tariff`, `reg_date`) VALUES (89, 78, '1972-07-13 22:45:37');
INSERT INTO `phone_has_tariff` (`id_phone`, `id_tariff`, `reg_date`) VALUES (91, 24, '1993-06-06 23:29:18');
INSERT INTO `phone_has_tariff` (`id_phone`, `id_tariff`, `reg_date`) VALUES (91, 69, '2014-12-05 23:21:43');
INSERT INTO `phone_has_tariff` (`id_phone`, `id_tariff`, `reg_date`) VALUES (93, 69, '2021-07-03 03:10:52');
INSERT INTO `phone_has_tariff` (`id_phone`, `id_tariff`, `reg_date`) VALUES (94, 56, '1979-05-03 01:46:55');
INSERT INTO `phone_has_tariff` (`id_phone`, `id_tariff`, `reg_date`) VALUES (97, 9, '1996-10-13 23:50:58');
INSERT INTO `phone_has_tariff` (`id_phone`, `id_tariff`, `reg_date`) VALUES (97, 92, '1979-05-09 02:07:49');
INSERT INTO `phone_has_tariff` (`id_phone`, `id_tariff`, `reg_date`) VALUES (99, 49, '2002-04-30 19:36:22');
INSERT INTO `phone_has_tariff` (`id_phone`, `id_tariff`, `reg_date`) VALUES (100, 75, '2004-05-23 11:20:23');

SET SQL_SAFE_UPDATES = 1;